Category,City,Title,Rating,TimesRated,Address,Phone,Instagram
כושר,תל אביב,"גוף ראשון
מנוהל",9.4,288 ביקורות,"ארלוזורוב 62, תל אביב יפו",03-5246611,https://www.instagram.com/Goof_rishon/
כושר,תל אביב,"סטודיו Worth It
מנוהל",9.6,29 ביקורות,"בן יהודה 26, תל אביב יפו",054-5845515,https://www.instagram.com/hadas.worth.it/
כושר,תל אביב,בריכת גורדון,9,1491 ביקורות,"אליעזר פרי 14, תל אביב יפו",03-7623300,אין
כושר,תל אביב,ויקינג,8.9,1038 ביקורות,"השלושה 5, תל אביב יפו",03-6353600,https://www.instagram.com/vkingclimb/
כושר,תל אביב,"בוסט פיטנס סנטר
מנוהל",9.1,369 ביקורות,"הארבעה 18, תל אביב יפו",053-9315967,https://www.instagram.com/boostfitnesscenter/
כושר,תל אביב,Beach Club,8.9,289 ביקורות,"רציף הרברט סמואל 5, תל אביב יפו (חוף התופים)",054-5478321,https://www.instagram.com/Beach_club_tlv/
כושר,תל אביב,פרפורמנס רוק,9,695 ביקורות,"דרך מנחם בגין 144, תל אביב יפו",03-6872880,אין
כושר,תל אביב,LAKE TLV,9.2,1869 ביקורות,"פארק דרום, תל אביב יפו",03-7391168,https://www.instagram.com/laketlv/
כושר,תל אביב,גלים בית הספר לגלישה,9.3,203 ביקורות,"חוף גורדון, תל אביב יפו",03-5175557,אין
כושר,תל אביב,"סאבטרה subterra
מנוהל",9.4,165 ביקורות,"אלכסנדר ינאי 1, תל אביב יפו",050-6335566,https://www.instagram.com/subterra.tlv/
כושר,תל אביב,בריכת בית דני,8.7,66 ביקורות,"דוד תדהר 42, תל אביב יפו",03-6878277,אין
כושר,תל אביב,"Pole&more
מנוהל",9.2,17 ביקורות,"הזוהר 23, תל אביב יפו",054-4407005,https://www.instagram.com/pole_more/
כושר,תל אביב,"דאנס תל אביב
מנוהל",9.1,38 ביקורות,"סעדיה גאון 24, תל אביב יפו",03-5220215,https://www.instagram.com/Dance.Telaviv/
כושר,תל אביב,"שקד סלסה וריקודים לטינים
מנוהל",9.7,151 ביקורות,"בארי 38, תל אביב יפו",052-4733342,https://www.instagram.com/shaqedsalsa/
כושר,תל אביב,"גלשני אלמוג אינטרסרף
מנוהל",9.2,141 ביקורות,"דרך קיבוץ גלויות 32, תל אביב יפו",03-6820729,https://www.instagram.com/intersurfsurfboards/
כושר,תל אביב,Midtown dance center,9.2,200 ביקורות,"קרליבך 27, תל אביב יפו",052-8888402,אין
כושר,תל אביב,לרקוד מהלב,9.5,314 ביקורות,"התחייה 14, תל אביב יפו",052-2235941,אין
כושר,תל אביב,"Pilates city
מנוהל",9.2,115 ביקורות,"דיזנגוף 233, תל אביב יפו",03-6426333,https://www.instagram.com/pilates.city/
כושר,תל אביב,"Adis Studio
מנוהל",9.1,20 ביקורות,"הקליר 20, תל אביב יפו",052-5528615,https://www.instagram.com/adibensimon__/
כושר,תל אביב,"פאנקי גודס נטע לי לוי
מנוהל",9.4,46 ביקורות,"קומפרט 4, תל אביב יפו",050-9500118,https://www.instagram.com/Poledanceisrael/
כושר,תל אביב,"לגסי ג'ים איגרוף לנשים
מנוהל",9.3,80 ביקורות,"תוצרת הארץ 3, תל אביב יפו",058-4009183,https://www.instagram.com/legacy_boxingtlv/
כושר,תל אביב,"קרוספיט White City
מנוהל",9.2,185 ביקורות,"דרך מנחם בגין 125, תל אביב יפו",058-7800466,https://www.instagram.com/crossfitwhitecity/
כושר,תל אביב,"רזי בן RAZI BEN
מנוהל",8.8,40 ביקורות,תל אביב יפו,055-7119376,https://www.instagram.com/razi.ben/
כושר,תל אביב,Fight TLV,9.4,150 ביקורות,"הירקון 167, תל אביב יפו",073-3989952,אין
כושר,תל אביב,פארק גלית,8.6,1771 ביקורות,"וינגייט 2, תל אביב יפו",אין,אין
כושר,תל אביב,"ויג'נאנה יוגה
מנוהל",9.4,152 ביקורות,"מזא""ה 22, תל אביב יפו",050-6854146,אין
כושר,תל אביב,"Training Room Studio
מנוהל",9.2,131 ביקורות,"ה' באייר 46, תל אביב יפו",054-6865682,אין
כושר,תל אביב,"מייכלי ואביטל פילאטיס
מנוהל",9.2,96 ביקורות,"בן יהודה 220, תל אביב יפו",052-8579388,https://www.instagram.com/mikelyandavitalpilates/
כושר,תל אביב,"אנדלסרול
מנוהל",9,376 ביקורות,"השלושה 2, תל אביב יפו",077-4660037,https://www.instagram.com/EndlessRoll/
כושר,תל אביב,"רועי נאמן ג'יו ג'יטסו ברזילאי
מנוהל",9.4,82 ביקורות,"בן שמן 4, תל אביב יפו",054-2042035,אין
כושר,תל אביב,קרוספיט נמל FITHUB,9.3,264 ביקורות,"נמל תל אביב 31, תל אביב יפו",052-4445050,אין
כושר,תל אביב,"סטודיו 24
מנוהל",9.4,155 ביקורות,"יוסף קארו 19, תל אביב יפו",052-6488846,https://www.instagram.com/studio24_fitness_factory/
כושר,תל אביב,סטודיו PRESS,9.3,214 ביקורות,"ש. גנני 8, תל אביב יפו",03-6860077,https://www.instagram.com/press_tlv/
כושר,תל אביב,היכל מנורה מבטחים,8.7,11738 ביקורות,"יגאל אלון 51, תל אביב יפו",03-6376000,אין
כושר,תל אביב,"סאפ יוגה תל אביב SUP yoga Tel Aviv
מנוהל",9.1,119 ביקורות,"חוף הילטון, תל אביב יפו",054-8335122,https://www.instagram.com/supyogatelaviv/
כושר,תל אביב,"אור היוגה
מנוהל",9.4,140 ביקורות,"סירקין 9, תל אביב יפו",03-5255052,https://www.instagram.com/orhayoga_tlv/
כושר,תל אביב,"יוגה לבונטין
מנוהל",9.3,148 ביקורות,"לבונטין 7, תל אביב יפו",03-5603888,אין
כושר,תל אביב,"ULTIMATE
מנוהל",8.8,28 ביקורות,"ברנדייס 2, תל אביב יפו",050-8873002,https://www.instagram.com/Ultimate_tlv/
כושר,תל אביב,"אימונוי
מנוהל",9.4,182 ביקורות,"מלכי ישראל 9, תל אביב יפו",052-4529478,https://www.instagram.com/noy.247/
כושר,תל אביב,"ספורטק ת""א",8.7,4204 ביקורות,"שדרות רוקח 40, תל אביב יפו",03-6990307,אין
כושר,תל אביב,"הגר ורחלי פילאטיס
מנוהל",9.1,42 ביקורות,"בן סרוק 10, תל אביב יפו",054-2302262,https://www.instagram.com/hagar_racheli_pilates_tlv/
כושר,תל אביב,"קרוספיט פלורנטין
מנוהל",9,88 ביקורות,"אבולעפיה 6, תל אביב יפו",052-2503506,אין
כושר,תל אביב,המרכז לטניס בישראל,8.9,585 ביקורות,"אד קוץ' 6, תל אביב יפו",03-6830038,אין
כושר,תל אביב,"אידיאל פילאטיס
מנוהל",9,32 ביקורות,"שדרות בן גוריון 72, תל אביב יפו",050-5987580,https://www.instagram.com/Baruchsarusi/
כושר,תל אביב,איצטדיון בלומפילד,8.7,6045 ביקורות,"שארית ישראל, תל אביב יפו",03-6376000,אין
כושר,תל אביב,קרוספיט תל אביב,9,132 ביקורות,"כיכר אתרים, תל אביב יפו",077-4331853,אין
כושר,תל אביב,קולנוע פאר מועדון הכושר,8.7,338 ביקורות,"ישעיהו 1, תל אביב יפו",03-5441344,https://www.instagram.com/KOLNOAPEER/
כושר,תל אביב,המרכז לטניס בישראל,8.7,297 ביקורות,"צבי נשרי 6, תל אביב יפו",03-6311023,אין
כושר,תל אביב,"ביקראם יוגה
מנוהל",9.1,187 ביקורות,"בן אביגדור 26, תל אביב יפו",03-6241807,https://www.instagram.com/Bikramyogaisrael/
כושר,תל אביב,צ'ילי בית ספר לגלישה,9.1,123 ביקורות,"הירקון 40, תל אביב יפו",053-9531805,אין
כושר,תל אביב,פילטיס בנחלה,9,65 ביקורות,"רמב""ם 7 א, תל אביב יפו",051-5002769,אין
כושר,תל אביב,טופסי,8.7,58 ביקורות,"הירקון 165, תל אביב יפו (כיכר אתרים)",050-4329001,אין
כושר,תל אביב,סטודיו Fly,9,20 ביקורות,"חיסין 5, תל אביב יפו",074-7020302,אין
כושר,תל אביב,מרכז שיבננדה ליוגה,9,44 ביקורות,"לטריס 6, תל אביב יפו",03-6961810,אין
כושר,תל אביב,"PILATES STUDIO ברנדייס
מנוהל",9,41 ביקורות,"ברנדייס 2, תל אביב יפו",052-8676046,https://www.instagram.com/fithousetlv/
כושר,תל אביב,"PILATES STUDIO
מנוהל",8.8,17 ביקורות,"שדרות רוטשילד 140, תל אביב יפו",077-3645969,https://www.instagram.com/fithousetlv/
כושר,תל אביב,סטודיו טלי תבור,8.9,146 ביקורות,"שביל המרץ 5, תל אביב יפו",052-3252978,אין
כושר,תל אביב,קאנטרי קהילתי ג',9,112 ביקורות,"מאיר פיינשטיין 18, תל אביב יפו",03-6565166,אין
כושר,תל אביב,אלהיוגה,8.9,214 ביקורות,"נמל תל אביב 39, תל אביב יפו",03-5444881,אין
כושר,תל אביב,סטודיו נעים,8.9,264 ביקורות,"הרב יצחק ידידיה פרנקל 30, תל אביב יפו",03-5188998,אין
כושר,תל אביב,"רינת פילאטיס מכשירים
מנוהל",8.8,44 ביקורות,"דרך השלום 107, תל אביב יפו",054-8008996,אין
כושר,תל אביב,"מורפילאטיס
מנוהל",9,56 ביקורות,"שדרות ההשכלה 9, תל אביב יפו",058-5777917,אין
כושר,תל אביב,"צ'אנדרה יוגה
מנוהל",9,78 ביקורות,"אשתורי הפרחי 4, תל אביב יפו",03-5464045,אין
כושר,תל אביב,פילאטיס 29,8.7,22 ביקורות,"לבונטין 12, תל אביב יפו",054-3830033,אין
כושר,תל אביב,"FIT TLV
מנוהל",9.1,51 ביקורות,"ברנדייס 20, תל אביב יפו",03-9562020,אין
כושר,תל אביב,"לשחות בקלות
מנוהל",8.7,29 ביקורות,"דיזנגוף סנטר, תל אביב יפו",058-6665565,https://www.instagram.com/Daniel_Baranis/
כושר,תל אביב,"Lusy yoga garden לוסי יוגה גארדן
מנוהל",8.6,9 ביקורות,"דרך משה דיין 138, תל אביב יפו",050-3411195,https://www.instagram.com/Lusy_yoga_garden/
כושר,תל אביב,"הבית של שירי ושות
מנוהל",9,60 ביקורות,"שדרות מסריק 14, תל אביב יפו",054-5608844,אין
כושר,תל אביב,"סהרה סיטי בית ספר למחול מזרחי
מנוהל",8.8,24 ביקורות,"אמזלג 45, תל אביב יפו",03-5252373,אין
כושר,תל אביב,"Toolbox
מנוהל",8.8,64 ביקורות,"ארלוזורוב 76, תל אביב יפו",03-9331142,https://www.instagram.com/Toolboxgymtlv/
כושר,תל אביב,"המרכז הישראלי לטאי צ'י
מנוהל",9,28 ביקורות,"הרצל 158, תל אביב יפו (בית מרס)",טלפון,https://www.instagram.com/taichicenterisrael/
כושר,תל אביב,Gyrotonic Room ג'ירוטוניק רום,9,27 ביקורות,"בן יהודה 32, תל אביב יפו (בית אל על)",074-7031014,אין
כושר,תל אביב,מרכז הספורט הלאומי תל אביב,8.7,450 ביקורות,"בכור שלום שטרית 6, תל אביב יפו",03-6496464,אין
כושר,תל אביב,"Ystudio פילאטיס מכשירים
מנוהל",8.7,20 ביקורות,"חפץ חיים 10, תל אביב יפו",053-2405577,https://www.instagram.com/ystudio_pilates/
כושר,תל אביב,סטודיו נעים,8.6,16 ביקורות,"מנדלי מוכר ספרים 9, תל אביב יפו",03-5188998,אין
כושר,תל אביב,"לילו
מנוהל",8.6,10 ביקורות,"דרך בן צבי 84, תל אביב יפו (בניין פנורמה)",050-8330040,https://www.instagram.com/Lilu_doctory/
כושר,תל אביב,EMS Club,8.6,43 ביקורות,"בר כוכבא 52, תל אביב יפו",077-9386263,אין
כושר,תל אביב,לוקר רום,8.6,38 ביקורות,"טשרניחובסקי 31, תל אביב יפו",03-5092727,אין
כושר,תל אביב,בית הספר לבריגהו יוגה,9.4,328 ביקורות,"חובבי ציון 46, תל אביב יפו",052-3561866,אין
כושר,תל אביב,"34HABITS
מנוהל",8.6,8 ביקורות,"יהודה הימית 34, תל אביב יפו",053-4543434,https://www.instagram.com/34_habits/
כושר,תל אביב,"יוגה שאלה
מנוהל",8.6,20 ביקורות,"יהודה הימית 37, תל אביב יפו",054-7543030,https://www.instagram.com/yogashalajaffa/
כושר,תל אביב,"לייזר דאנס
מנוהל",9.4,195 ביקורות,"קהילת ונציה 10, תל אביב יפו",077-4140700,https://www.instagram.com/leyzerdance.official/
כושר,תל אביב,"אישה בתנועה
מנוהל",8.5,31 ביקורות,"סנהדרין 16, תל אביב יפו",052-4228685,אין
כושר,תל אביב,"TRAIN STATION
מנוהל",8.6,38 ביקורות,"שלמה המלך 100, תל אביב יפו",050-4555406,https://www.instagram.com/Trainstationtlv/
כושר,תל אביב,מועדוני לב הים,9,211 ביקורות,"אליעזר פרי 14, תל אביב יפו",03-5224079,אין
כושר,תל אביב,פילאטיס סטודיו,8.5,16 ביקורות,"יגאל אלון 53, תל אביב יפו",077-8043686,אין
כושר,תל אביב,"אורלי אורן
מנוהל",8.8,29 ביקורות,"יחיאלי 5, תל אביב יפו (מרכז סוזן דלל)",052-3697174,https://www.instagram.com/pilatesorlytlv/
כושר,תל אביב,"KMA
מנוהל",9.4,98 ביקורות,"יהודה בורלא 25, תל אביב יפו",050-7888373,אין
כושר,תל אביב,מרכז איינגר יוגה תל אביב דרום,8.7,40 ביקורות,"המחוגה 5, תל אביב יפו",052-5000367,אין
כושר,תל אביב,"אופיר רבינוביץ'
מנוהל",8.6,17 ביקורות,"מטלון 66, תל אביב יפו",טלפון,https://www.instagram.com/MOVEINFOCUS/
כושר,תל אביב,"הראל אשרם
מנוהל",8.6,14 ביקורות,תל אביב יפו,050-7171108,אין
כושר,תל אביב,אבן כסף סטודיו לפילאטיס,8.6,13 ביקורות,"הרב עמיאל 11, תל אביב יפו",052-8457836,אין
כושר,תל אביב,קאנטרי נווה אביבים,8.7,426 ביקורות,"לויטן 3, תל אביב יפו",03-6414545,אין
כושר,תל אביב,"רויטל יוגה
מנוהל",9.6,264 ביקורות,"בנימין מטודלה 32, תל אביב יפו",054-4555302,https://www.instagram.com/revitalyoga/
כושר,תל אביב,"אומנויות לחימה אקבן
מנוהל",8.9,68 ביקורות,"הירקון 294, תל אביב יפו",052-5108747,אין
כושר,תל אביב,"רייצ'ל שיר קרב מגע
מנוהל",8.8,54 ביקורות,"מגדל שורשן 19, תל אביב יפו",054-7683088,https://www.instagram.com/rs_kravmagaacademy/
כושר,תל אביב,"סאבטרה
מנוהל",8.7,42 ביקורות,"ראול ולנברג 24, תל אביב יפו (מגדלי זיו)",050-6335566,https://www.instagram.com/subterra.tlv/
כושר,תל אביב,טוטאל אימרז'ן,9,248 ביקורות,"גייגר 22, תל אביב יפו",03-5400710,אין
כושר,תל אביב,"פילאטיס מכשירים Beyond
מנוהל",8.6,49 ביקורות,"אורי צבי גרינברג 25, תל אביב יפו",058-6825566,https://www.instagram.com/beyondpilatestlv/
כושר,תל אביב,"דוג'ו
מנוהל",8.5,25 ביקורות,"הארד 5, תל אביב יפו",077-8050055,אין
כושר,ירושלים,אין,0.0,0 ביקורות,אין,אין,אין
כושר,ירושלים,"הפיינטבול הירושלמי
מנוהל",8.8,42 ביקורות,"גבעת התחמושת, ירושלים",052-4689053,אין
כושר,ירושלים,"טים קארטינג
מנוהל",9,1147 ביקורות,"קניון לב תלפיות, ירושלים",077-5030566,אין
כושר,ירושלים,"Only 20 EMS
מנוהל",8.6,50 ביקורות,"שדרות יצחק רבין 10, ירושלים (סינמה סיטי)",077-8066549,https://www.instagram.com/Only20ems/
כושר,ירושלים,פרופיט,9.1,573 ביקורות,"האומן 17, ירושלים (קניון לב תלפיות)",02-6317777,אין
כושר,ירושלים,מרחב תנועה,8.9,77 ביקורות,"החלוץ 49, ירושלים",050-7306690,אין
כושר,ירושלים,"ריפרש
מנוהל",8.4,91 ביקורות,"סנטר 1, ירושלים",02-6339183,אין
כושר,ירושלים,סטודיו מטי,8.8,234 ביקורות,"קניון הדר, ירושלים",טלפון,אין
כושר,ירושלים,"MyRide נהיגה ספורטיבית
מנוהל",9.4,556 ביקורות,"המעיין 9, ירושלים",054-4980896,https://www.instagram.com/myride_isr/
כושר,ירושלים,VIP GYM,8.8,121 ביקורות,"המלך ג'ורג' 3, ירושלים (מרכז הפעמון)",052-8585856,אין
כושר,ירושלים,אינספייר INSPIRE,9.3,91 ביקורות,"דרך עזה 32, ירושלים",052-3585126,אין
כושר,ירושלים,סטודיו פנימה,8.9,18 ביקורות,"החלוץ 47, ירושלים",054-4938485,אין
כושר,ירושלים,Pole Dance and Fitness,8.8,51 ביקורות,"בית יעקב 10, ירושלים",054-4957200,אין
כושר,ירושלים,"Target איירסופט
מנוהל",0.0,1 ביקורות,"שדרות משה דיין 106, ירושלים",052-2555433,אין
כושר,ירושלים,מרכז קוסל לחינוך גופני,8.5,168 ביקורות,ירושלים,02-6586611,אין
כושר,ירושלים,רזים,8.9,165 ביקורות,"דיסקין 9, ירושלים",02-5661316,אין
כושר,ירושלים,ג'אמפ,8.4,266 ביקורות,"שדרות שז""ר 1, ירושלים",02-6233377,אין
כושר,ירושלים,"שיראל אסוייד
מנוהל",8.6,8 ביקורות,ירושלים,053-9630804,https://www.instagram.com/shirelfitness/
כושר,ירושלים,"יוגה פוינט
מנוהל",9.5,240 ביקורות,"רמב""ן 23, ירושלים",050-9509404,https://www.instagram.com/yogapoint.co.il/
כושר,ירושלים,כושר ג'ים,8.6,8 ביקורות,"שטנר 3, ירושלים (מרכז שטנר)",02-9943000,אין
כושר,ירושלים,אילונגיישן,8.6,15 ביקורות,"כנפי נשרים 31, ירושלים",1-700-555568,אין
כושר,ירושלים,איצטדיון טדי,8.6,5846 ביקורות,ירושלים,02-6788320,אין
כושר,ירושלים,"קשת ארט סטודיו נשים
מנוהל",8.7,94 ביקורות,"שדרות הרצל 122, ירושלים",077-7858100,אין
כושר,ירושלים,נוות ישראל,8.6,5 ביקורות,"שמואל הנביא 24, ירושלים",02-6221522,אין
כושר,ירושלים,בית הנוער העברי,8.4,354 ביקורות,"הרב הרצוג 105, ירושלים",02-6494111,אין
כושר,ירושלים,"סקיי ג'ים
מנוהל",9.4,225 ביקורות,"הפרסה 3, ירושלים",052-3213470,https://www.instagram.com/skygym_personal_training/
כושר,ירושלים,"עקבות בטבע
מנוהל",8.1,5 ביקורות,"גבעת התחמושת, ירושלים",052-8938921,אין
כושר,ירושלים,בריכת אלישע,0.0,9 ביקורות,"דרך בית לחם 52, ירושלים",02-5095577,אין
כושר,ירושלים,גילה,7.7,16 ביקורות,"ורדינון 14, ירושלים",02-6461111,אין
כושר,ירושלים,פיטלנד Fitland ירושלים,0.0,5 ביקורות,"א.ש. הרטום 16, ירושלים",*2997,אין
כושר,ירושלים,בודי קונטרול סטודיו פילאטיס,0.0,10 ביקורות,"הכיסופים 801, ירושלים",02-5865831,אין
כושר,ירושלים,"חדר כושר מלון מצודת דוד
מנוהל",0.0,1 ביקורות,"דוד המלך 7, ירושלים (מלון מצודת דוד)",02-6212255,אין
כושר,ירושלים,"אהימסה ישראל
מנוהל",8.3,5 ביקורות,"חזקיהו המלך 17, ירושלים",052-8648035,אין
כושר,ירושלים,סקייטפארק ירושלים,0.0,2 ביקורות,"גן הפעמון, ירושלים",אין,אין
כושר,ירושלים,מועדון כושר לזוז ירושלים,7.7,66 ביקורות,"המלך ג'ורג' 20, ירושלים",02-9968499,אין
כושר,ירושלים,"מיכל אלדר
מנוהל",8.5,13 ביקורות,"רחל אמנו 47, ירושלים",טלפון,https://www.instagram.com/Micheldar/
כושר,ירושלים,"GFIT
מנוהל",8.7,59 ביקורות,"גדעון, ירושלים",054-8077127,אין
כושר,ירושלים,"mma ג'וג'יטסו ברזילאי
מנוהל",0.0,6 ביקורות,"הצפירה 32, ירושלים",054-6652307,אין
כושר,ירושלים,קרוספיט ירושלים,8.6,86 ביקורות,"ג'ורג' וושינגטון, ירושלים",054-3132568,אין
כושר,ירושלים,"סטודיו 6 ירושלים
מנוהל",0.0,2 ביקורות,"דרך בית לחם 7, ירושלים",077-7866630,https://www.instagram.com/studio6jlm/
כושר,ירושלים,בריכה לחרדים,0.0,1 ביקורות,"איצטדיון טדי, ירושלים",054-5291117,אין
כושר,ירושלים,תלפיות מזרח,0.0,0 ביקורות,"עולי הגרדום 13, ירושלים",02-6732877,אין
כושר,ירושלים,"נולד לשחות
מנוהל",0.0,3 ביקורות,"שכונת קרית אוניברסיטת גבעת רם, ירושלים",050-7434464,אין
כושר,ירושלים,חוות הנוער הציוני,0.0,41 ביקורות,"שדרות ש""י עגנון 24, ירושלים",02-6491900,אין
כושר,ירושלים,"תמר צמח
מנוהל",7.7,3 ביקורות,"שמעוני, ירושלים",טלפון,אין
כושר,ירושלים,מאסטר מארק וייסמן דוג'ו בהרים,0.0,10 ביקורות,"פארק וואהל גן הורדים, ירושלים",052-2878821,אין
כושר,ירושלים,חדר כושר ההגנה,8.1,37 ביקורות,"ההגנה 13, ירושלים",02-5416021,אין
כושר,ירושלים,המרכז להתעמלות קרקע,0.0,1 ביקורות,"דרך אגודת ספורט בית""ר 1, ירושלים (קניון מלחה)",054-3267637,אין
כושר,ירושלים,היכל הספורט מלחה,0.0,1 ביקורות,"אברהם שטרן 3, ירושלים",02-5453753,אין
כושר,ירושלים,"Carmit Fit
מנוהל",0.0,16 ביקורות,"יד חרוצים 10, ירושלים",050-4918898,https://www.instagram.com/CARMIT_FIT/
כושר,ירושלים,"ג'וזף
מנוהל",0.0,16 ביקורות,"עמק רפאים 12, ירושלים",054-6626151,https://www.instagram.com/pilatestudio_joseph/
כושר,ירושלים,"בן אלהרר קראטה וקרב מגע
מנוהל",8.6,15 ביקורות,"בית וגן, ירושלים",054-9246506,אין
כושר,ירושלים,"Capital Latina
מנוהל",8.9,75 ביקורות,"הרב הרצוג 105, ירושלים",073-3393466,https://www.instagram.com/capitallatina/
כושר,ירושלים,"MG Fitness
מנוהל",0.0,0 ביקורות,"קניון רמות, ירושלים",054-4456117,אין
כושר,ירושלים,מרכז הספורט בית טיילור,8.1,150 ביקורות,"ישראל זנגוויל 23, ירושלים",02-6443222,אין
כושר,ירושלים,סטודיו מטי,8.5,337 ביקורות,"איצטדיון טדי, ירושלים",02-6252525,אין
כושר,ירושלים,"בריכת יער ירושלים
מנוהל",8.1,16 ביקורות,"דוד מרדכי מאיר, ירושלים",02-6752911,אין
כושר,ירושלים,"מרכז קהילתי ע""ש פיליפ ליאון",0.0,1 ביקורות,"צ'ילה 8, ירושלים",02-6414896,אין
כושר,ירושלים,מועדון כושר ניו פיטנס,8.8,27 ביקורות,"דרך אגודת ספורט בית""ר 1, ירושלים",079-6999409,https://www.instagram.com/newfitness.malha/
כושר,ירושלים,אלבז דאנס,9.2,76 ביקורות,"האומן 9, ירושלים (בנין היהלום שבכתר)",02-6500999,אין
כושר,ירושלים,המרכז לטניס בישראל,8.8,336 ביקורות,"אברהם אלמליח 1, ירושלים",02-6791866,אין
כושר,ירושלים,iclimb,8.6,427 ביקורות,"דרך אגודת ספורט בית""ר 1, ירושלים (קניון מלחה)",02-6482264,אין
כושר,ירושלים,"לימור מזרחי limifit
מנוהל",8.8,36 ביקורות,"רשב""ג, ירושלים",050-5737516,אין
כושר,ירושלים,"בן שושני
מנוהל",9.2,99 ביקורות,"דוד איילון 1, ירושלים",053-9630804,https://www.instagram.com/Shoshanifit/
כושר,ירושלים,סטודיו מטי,0.0,0 ביקורות,"רמות, ירושלים",02-6252525,אין
כושר,ירושלים,פיס ארנה ירושלים,8.8,4635 ביקורות,"דרך דוד בנבנישתי 1, ירושלים",02-6297982,אין
כושר,ירושלים,"קפוארה ירושלים
מנוהל",8.6,17 ביקורות,"איצטדיון טדי, ירושלים",052-2653135,אין
כושר,ירושלים,"לירון חביב
מנוהל",0.0,2 ביקורות,"איצטדיון טדי, ירושלים",052-8556641,אין
כושר,ירושלים,"Star1 gym
מנוהל",0.0,0 ביקורות,"שמאי 16, ירושלים",052-3712299,אין
כושר,ירושלים,הבלוק,8.4,81 ביקורות,"אלישר 7, ירושלים",02-5398991,אין
כושר,ירושלים,"המור""ק
מנוהל",0.0,0 ביקורות,"כ""ט בנובמבר, ירושלים",052-4689053,אין
כושר,ירושלים,"בועז אומנויות לחימה
מנוהל",0.0,0 ביקורות,"חיים פזנר 1, ירושלים",052-2407299,https://www.instagram.com/taekwondo_boaz_martial_arts/
כושר,ירושלים,מינהל קהילתי פסגת זאב,0.0,0 ביקורות,"שדרות משה דיין 135, ירושלים",02-5848900,אין
כושר,ירושלים,"שלומי חמיצר
מנוהל",8.7,45 ביקורות,"אברהם רפול הררי 16, ירושלים",050-3059039,https://www.instagram.com/linktr.ee/
כושר,ירושלים,"JLMambo
מנוהל",7.9,3 ביקורות,"מרכז קהילתי בית הכרם, ירושלים",055-3171216,https://www.instagram.com/Jlmambo_studio/
כושר,ירושלים,ליידי פיטנס,8,163 ביקורות,"ירמיהו 43, ירושלים (סנטר 1)",02-6339178,אין
כושר,ירושלים,Coscas Fitness,8.5,12 ביקורות,"המעפילים 17, ירושלים",054-3309282,אין
כושר,ירושלים,"אולימפוס קרוספיט 2918
מנוהל",0.0,38 ביקורות,"איצטדיון טדי, ירושלים",050-4555152,אין
כושר,ירושלים,בריכת שחיה מכון תנועה במים,0.0,0 ביקורות,"יפו 232, ירושלים",02-5004970,אין
כושר,ירושלים,אביטל פילאטיס,0.0,17 ביקורות,"קרן היסוד 19 ב, ירושלים",052-8781313,אין
כושר,ירושלים,"מרכז ליוגה ומדיטציה
מנוהל",0.0,5 ביקורות,"ראובן 3, ירושלים",02-6714854,אין
כושר,ירושלים,פירואט,0.0,6 ביקורות,"שדרות ש""י עגנון 20, ירושלים",054-6910030,אין
כושר,ירושלים,"סטפאנוס
מנוהל",0.0,0 ביקורות,"דרך בית לחם 81, ירושלים",054-4868217,אין
כושר,ירושלים,הסטודיו של ניצה,0.0,4 ביקורות,"חזקיהו המלך 17, ירושלים",054-7207609,אין
כושר,ירושלים,רועי ולטר גרייסי ג'יו ג'יטסו,0.0,17 ביקורות,"כ""ט בנובמבר 15, ירושלים",054-3414342,אין
כושר,ירושלים,"סטודיו be1
מנוהל",0.0,25 ביקורות,"שדרות יצחק רבין 10, ירושלים (סינמה סיטי)",02-9414777,https://www.instagram.com/studiobe1/
כושר,ירושלים,"קראטה דו שוטוקאן ירושלים
מנוהל",0.0,5 ביקורות,"ורדינון 14, ירושלים",052-3477223,אין
כושר,ירושלים,"קילומבו סטודיו לקפואירה
מנוהל",0.0,38 ביקורות,"הרכבים 13, ירושלים",050-2057916,https://www.instagram.com/alonyudelevich/
כושר,ירושלים,מרכז נוה שאנן ליוגה,0.0,8 ביקורות,"הורקניה 14, ירושלים",077-4243494,אין
כושר,ירושלים,"הפועל ירושלים שחייה
מנוהל",0.0,6 ביקורות,"הורקניה 26, ירושלים",02-6794004,https://www.instagram.com/hapoelswim/
כושר,ירושלים,"קרוספיט עיר דוד
מנוהל",0.0,71 ביקורות,"מעשה חושב 4, ירושלים",054-2083499,https://www.instagram.com/crossfitcod/
כושר,ירושלים,"גל
מנוהל",0.0,66 ביקורות,"הארי טרומן 1, ירושלים",052-6866173,https://www.instagram.com/galhfit/
כושר,ירושלים,"מאמנת כושר אישית אביגיל
מנוהל",0.0,10 ביקורות,"השופט חיים כהן, ירושלים",054-6315958,https://www.instagram.com/Avigail.miz/
כושר,ירושלים,"מחולה
מנוהל",0.0,7 ביקורות,"הרב הרצוג 105, ירושלים",02-5636663,אין
כושר,ירושלים,"ידין אוחיון
מנוהל",8.3,11 ביקורות,"תלפיות, ירושלים",054-6223333,אין
כושר,ירושלים,"נועה אופק
מנוהל",0.0,5 ביקורות,"חזקיהו המלך 17, ירושלים",054-5828372,אין
כושר,ירושלים,"אדיר אוחנה סטודיו
מנוהל",0.0,0 ביקורות,"הרב יצחק נסים 21, ירושלים",050-2333405,https://www.instagram.com/adirohanafit/
כושר,ירושלים,"יקי דוגה אימונים ותזונה
מנוהל",0.0,8 ביקורות,"יפה נוף 14, ירושלים",054-5444146,https://www.instagram.com/Yaki_Doga_Fit/
כושר,ירושלים,מלכה עינת,0.0,6 ביקורות,"בן ציון ליאון 8, ירושלים",050-2518779,אין
כושר,ירושלים,פליק פלאק,0.0,21 ביקורות,"הורקניה 14, ירושלים",02-6480427,אין
כושר,ירושלים,שרון שגיא סטודיו לפלמנקו,0.0,1 ביקורות,"יעל 9, ירושלים",052-8449900,אין
כושר,חיפה,"סרף קלאב Surf Club
מנוהל",9.6,1372 ביקורות,"דוד אלעזר, חיפה",04-8550183,https://www.instagram.com/Surfclubhaifa/
כושר,חיפה,"דן קרטינג
מנוהל",8.8,2475 ביקורות,"קניון חיפה, חיפה",04-8501060,אין
כושר,חיפה,"סטודיו לאימונים Train Station
מנוהל",9.5,343 ביקורות,"שונית 12, חיפה (מרכז מסחרי רמת הנשיא)",1-700-501750,https://www.instagram.com/train_station_haifa/
כושר,חיפה,"קשת ים שייט ביאכטה
מנוהל",9.5,178 ביקורות,"מעגן הדייג קישון, חיפה",052-2369564,https://www.instagram.com/Keshet_yam/
כושר,חיפה,"נינג'ה סיטי
מנוהל",8.8,287 ביקורות,"המוסכים 24, חיפה",077-8040445,https://www.instagram.com/ninjacity_haifa/
כושר,חיפה,"דן קרטינג
מנוהל",9,1628 ביקורות,"החרושת 13, חיפה",04-8501060,אין
כושר,חיפה,מרכז הספורט בטכניון,8.9,768 ביקורות,"קרית הטכניון, חיפה",04-8235944,אין
כושר,חיפה,"בולדר
מנוהל",9,310 ביקורות,"יעקב מושלי 5, חיפה",04-8700296,https://www.instagram.com/boulderhaifa/
כושר,חיפה,"דניס אימונים אישיים
מנוהל",8.8,31 ביקורות,"רמת בגין, חיפה",054-2508104,אין
כושר,חיפה,"Urban Vikings
מנוהל",9.3,81 ביקורות,"ראול ולנברג 11, חיפה",052-8962454,אין
כושר,חיפה,מכבי הר הכרמל,8.6,982 ביקורות,"ביכורים 19, חיפה",04-8388341,אין
כושר,חיפה,"Function Studio
מנוהל",9.3,78 ביקורות,"שדרות הנשיא 48, חיפה",050-6861985,https://www.instagram.com/function_haifa/
כושר,חיפה,"המרכז ליוגה הוליסטית
מנוהל",9.3,90 ביקורות,"לבונה 3, חיפה",050-7259930,אין
כושר,חיפה,ואמוס,8.9,97 ביקורות,"שדרות אבא חושי 199, חיפה",054-2199244,אין
כושר,חיפה,"הסטודיו
מנוהל",9,62 ביקורות,"דרך הים 14, חיפה",058-7616363,https://www.instagram.com/studio_haifa/
כושר,חיפה,"קהונה סרפ קלאב
מנוהל",8.7,35 ביקורות,"דוד אלעזר 10, חיפה",054-8931514,https://www.instagram.com/kahuna.surf.club/
כושר,חיפה,"מורן נחמני אימוני כושר אישיים
מנוהל",8.9,65 ביקורות,"חניתה 88, חיפה",טלפון,אין
כושר,חיפה,"Yogalaya
מנוהל",9,28 ביקורות,"יפה נוף 120, חיפה",050-6930827,אין
כושר,חיפה,יוגה חיפה,8.9,33 ביקורות,"אלברט איינשטיין 11, חיפה",04-8111921,אין
כושר,חיפה,נאיה יוגה,9,37 ביקורות,"שדרות הנשיא 125, חיפה",04-8101921,אין
כושר,חיפה,קרוספיט,9,231 ביקורות,"ציפורה זייד 3, חיפה",054-3381730,אין
כושר,חיפה,היכל הספורט,8.3,1509 ביקורות,חיפה,04-8241012,אין
כושר,חיפה,"עידן אלמוג
מנוהל",8.8,27 ביקורות,"מעיין 1, חיפה",טלפון,https://www.instagram.com/2aim_studio/
כושר,חיפה,"קרוספיט צפון
מנוהל",9.3,123 ביקורות,"הנמל 8, חיפה",054-2359407,https://www.instagram.com/Crossfit.Tzafon/
כושר,חיפה,"אצטדיון סמי עופר
מנוהל",9.1,10113 ביקורות,"פנחס ואברהם רוטנברג 2, חיפה",04-3002301,https://www.instagram.com/sammy_ofer_stadium/
כושר,חיפה,V FITNESS,8.1,70 ביקורות,"חורב 17, חיפה",04-8678881,אין
כושר,חיפה,"Dan Active
מנוהל",0.0,50 ביקורות,חיפה,052-6650526,אין
כושר,חיפה,"אלון גרוס OAK Fitness By
מנוהל",0.0,20 ביקורות,"שדרות הנשיא 124, חיפה",054-4234349,https://www.instagram.com/oakfit_team/
כושר,חיפה,מרכז הטניס חיפה,0.0,24 ביקורות,"צביה ויצחק 2, חיפה",04-8522721,אין
כושר,חיפה,מועדון טניס כרמל,0.0,3 ביקורות,"שדרות יצחק 17, חיפה",04-8361402,אין
כושר,חיפה,"I FEEL U
מנוהל",0.0,26 ביקורות,"אלברט איינשטיין 139, חיפה",054-6200111,אין
כושר,חיפה,ספורטר,7.9,191 ביקורות,"שדרות הנשיא 107, חיפה",04-8361730,אין
כושר,חיפה,"GOPole
מנוהל",0.0,4 ביקורות,"דרך חנקין, חיפה",054-8927339,https://www.instagram.com/gopole.haifa/
כושר,חיפה,"גליש
מנוהל",0.0,130 ביקורות,"חוף דרומי, חיפה",054-3908822,https://www.instagram.com/galish.surf/
כושר,חיפה,"ענבל ירון FD
מנוהל",0.0,1 ביקורות,"קרן היסוד 33, חיפה",052-3484084,https://www.instagram.com/Inbalyaron/
כושר,חיפה,"אצטדיון האתלטיקה ע""ש קרלי קריגר",8,285 ביקורות,"גדליהו, חיפה",04-8233955,אין
כושר,חיפה,Scoop Gym,7.8,31 ביקורות,"שדרות טרומפלדור 54, חיפה",04-8123144,אין
כושר,חיפה,אולפן למחול קריות,8.3,24 ביקורות,"הגדוד העברי 48, חיפה",050-2688982,אין
כושר,חיפה,"שוטוקאן קארטה
מנוהל",0.0,4 ביקורות,"ארתור הנטקה 55, חיפה",052-5717930,https://www.instagram.com/tzureph/
כושר,חיפה,"ניה עם ניצן גנץ
מנוהל",0.0,19 ביקורות,"לבונה, חיפה",052-6507344,https://www.instagram.com/nitzan.nia/
כושר,חיפה,Latino Beat לטינו ביט,0.0,40 ביקורות,"בניין אגודת הסטודנטים שיין, חיפה",052-6240002,אין
כושר,חיפה,"InMotion Dance Studio
מנוהל",0.0,0 ביקורות,"מרגלית 4, חיפה",055-6802590,אין
כושר,חיפה,"מיי ג'ים
מנוהל",8.1,66 ביקורות,"שדרות קק""ל 26, חיפה",04-8490603,אין
כושר,חיפה,"סטודיו studio R
מנוהל",0.0,19 ביקורות,"יהודה בורלא 3, חיפה (מרכז קהילתי רמות רמז בית המייסדים)",04-8246259,אין
כושר,חיפה,"פיור פילאטיס
מנוהל",0.0,14 ביקורות,"חנה רובינא 2, חיפה",052-4441342,אין
כושר,חיפה,"Fit for Fun
מנוהל",0.0,35 ביקורות,"שדרות הנשיא, חיפה",054-6989909,אין
כושר,חיפה,"אינפיט פילאטיס
מנוהל",0.0,6 ביקורות,"שדרות ההסתדרות 271, חיפה (I way)",054-7486686,https://www.instagram.com/Infit_pilates/
כושר,חיפה,"ריקודי עם אלעד פרל
מנוהל",0.0,23 ביקורות,חיפה,052-8889533,אין
כושר,חיפה,"רוני פרי נדב החופש לנוע
מנוהל",0.0,16 ביקורות,"ארתור הנטקה 10, חיפה",058-4710102,אין
כושר,חיפה,"פאנקי ביט סטודיו לריקוד
מנוהל",0.0,24 ביקורות,"אבא הלל סילבר 71, חיפה",052-5286233,https://www.instagram.com/_Studio_fb/
כושר,חיפה,"בומרנג פיטנס
מנוהל",8.6,10 ביקורות,"דרך הים 176, חיפה",050-4776665,אין
כושר,חיפה,"Studio Heartcore
מנוהל",8.8,44 ביקורות,"שער הגיא 8, חיפה",052-6228634,אין
כושר,חיפה,"פלוריס פילאטיס
מנוהל",9,126 ביקורות,"מחניים 7, חיפה",055-8810962,https://www.instagram.com/florispilates/
כושר,חיפה,"InMotion Pilates
מנוהל",8.8,78 ביקורות,"מרגלית 4, חיפה",טלפון,https://www.instagram.com/inmotionpilates/
כושר,חיפה,"CAT
מנוהל",8.6,10 ביקורות,"שדרות מוריה 15, חיפה",053-4673492,https://www.instagram.com/criticalalignment.il/
כושר,חיפה,"Haifa Pole Dance
מנוהל",8.9,67 ביקורות,"הנאמנים 8, חיפה",054-4863121,https://www.instagram.com/haifapole_sonia/
כושר,חיפה,קיר יואב קיר טיפוס,8.2,45 ביקורות,"גן הקונגרסים, חיפה",050-7782030,אין
כושר,חיפה,"סטודיו המרכז
מנוהל",9,65 ביקורות,"שדרות הנשיא 95, חיפה",053-3447685,אין
כושר,חיפה,"איתי פיטנס
מנוהל",8.7,39 ביקורות,"אסתר רבין, חיפה",054-8107574,https://www.instagram.com/Itay.fitness/
כושר,חיפה,סקופ מועדון כושר,8.2,73 ביקורות,"שדרות טרומפלדור 54, חיפה",04-8237670,אין
כושר,חיפה,"LVL UP
מנוהל",8.7,56 ביקורות,"ראול ולנברג, חיפה",052-5399015,https://www.instagram.com/Yoni_shoikhet/
כושר,חיפה,"תומר קרב מגע
מנוהל",8.4,6 ביקורות,"אהוד 18, חיפה",052-8587880,אין
כושר,חיפה,"FITBOX
מנוהל",0.0,27 ביקורות,"חורב 15, חיפה (חורב G מרכז)",054-7275050,אין
כושר,חיפה,Meitav,8.5,15 ביקורות,"הגליל 17, חיפה",052-8961742,אין
כושר,חיפה,פרופיט,8.2,461 ביקורות,"גן הקונגרסים, חיפה",*6015,אין
כושר,חיפה,הולמס פלייס,8.2,922 ביקורות,"לירז אקסלרד 1, חיפה",04-8224440,אין
כושר,חיפה,הולמס פלייס,8.2,301 ביקורות,"קניון חיפה, חיפה",04-8500980,אין
כושר,חיפה,EMS Club,8.5,55 ביקורות,"דרך פיק""א 6, חיפה",*2338,אין
כושר,חיפה,"שגית פילאטיס
מנוהל",8.2,12 ביקורות,"ליונל ווטסון 22, חיפה",050-7491381,אין
כושר,חיפה,"בית היוגה
מנוהל",8.3,17 ביקורות,"שדרות מוריה 53, חיפה",054-5277148,אין
כושר,חיפה,"אקסטרים טקטיקל פיינטבול
מנוהל",8.2,15 ביקורות,"כברי 1, חיפה",052-7555551,https://www.instagram.com/Paintball_haifa/
כושר,חיפה,אקס פארק,7.7,50 ביקורות,"גן הקונגרסים, חיפה",1599-524400,אין
כושר,חיפה,"טיולי אתגר W.A
מנוהל",0.0,77 ביקורות,חיפה,052-5621450,אין
כושר,חיפה,"רן גולן קליסטניקס
מנוהל",7.9,4 ביקורות,"חביבה רייך 38, חיפה",054-7448947,https://www.instagram.com/Rangolan/
כושר,חיפה,"ליידיס אין שייפ
מנוהל",0.0,7 ביקורות,"הרצל 16, חיפה",077-3535000,אין
כושר,חיפה,"הסטודיו
מנוהל",0.0,39 ביקורות,"אינטרנשיונל 9, חיפה",058-7616363,https://www.instagram.com/studio_haifa/
כושר,חיפה,גלי בתנועה,0.0,9 ביקורות,"משה סורוקה 31, חיפה",טלפון,אין
כושר,חיפה,אימון פונקציונלי בחיפה KTB,8,33 ביקורות,"חורב 24, חיפה",04-8110707,אין
כושר,חיפה,סטודיו למחול לואיזה ארנון,0.0,13 ביקורות,"מרגלית 4, חיפה",050-7263892,אין
כושר,חיפה,דאנס אנד פיט,0.0,21 ביקורות,"דרך פיק""א 69, חיפה",052-6553903,אין
כושר,חיפה,"מועדון אימונים FLEX
מנוהל",0.0,1 ביקורות,"שדרות הנשיא 117, חיפה",052-6287998,אין
כושר,חיפה,"קרטה שוטוקאן עודד פרידמן
מנוהל",0.0,14 ביקורות,"אבא הלל סילבר 71, חיפה (בית אבא חושי)",050-8671900,אין
כושר,חיפה,"Pole Dance Theater
מנוהל",0.0,42 ביקורות,"טשרניחובסקי 37, חיפה",054-5449828,אין
כושר,חיפה,פנטופיה פאנטופיה חיפה,0.0,12 ביקורות,"העמלים 37, חיפה",04-6661103,אין
כושר,חיפה,פילאטיס דניה,0.0,3 ביקורות,"שלונסקי 1, חיפה",050-3859585,אין
כושר,חיפה,"לאה פילאטיס
מנוהל",0.0,7 ביקורות,"שדרות הנשיא 48, חיפה",052-2387650,אין
כושר,חיפה,"החופש לנוע
מנוהל",0.0,9 ביקורות,"שדרות הנשיא 56, חיפה",טלפון,אין
כושר,חיפה,"לוטן יוגה
מנוהל",0.0,13 ביקורות,"ראול ולנברג 11, חיפה",054-4855484,אין
כושר,חיפה,"HY Fitness
מנוהל",0.0,20 ביקורות,"הרצל 16, חיפה",054-3279207,https://www.instagram.com/Hyfit100/
כושר,חיפה,"אלנקווה ים
מנוהל",0.0,4 ביקורות,"דרך פיק""א 69, חיפה",050-9932032,https://www.instagram.com/Seaustronger/
כושר,חיפה,יוגה עם עדי לרנר,0.0,11 ביקורות,"גבעת דאונס 13, חיפה",052-8888303,אין
כושר,חיפה,I Climb,7.2,73 ביקורות,"העמלים 37, חיפה",04-6661103,אין
כושר,חיפה,כמו דג במים,0.0,18 ביקורות,"יאיר כ""ץ 12, חיפה (אלישע)",054-2500499,אין
כושר,חיפה,פשוט יוגה,0.0,18 ביקורות,"ראול ולנברג 9, חיפה",052-3470949,אין
כושר,חיפה,"קפוארה ברזיל capoeira brasil
מנוהל",0.0,7 ביקורות,"שדרות סיני 13, חיפה",052-2631158,אין
כושר,חיפה,"בי""ס לקרטה והגנת עצמית",0.0,7 ביקורות,"צדקיהו 6, חיפה",052-5347080,אין
כושר,חיפה,נתנאלה יוגה הוליסטית,0.0,7 ביקורות,"שדרות הנשיא 142, חיפה",054-4611122,אין
כושר,חיפה,גל אלמוג בית ספר לגלישה,0.0,36 ביקורות,"קרית חיים מזרחית, חיפה",052-5323283,אין
כושר,חיפה,"Ballet Studio Brise
מנוהל",0.0,13 ביקורות,"צה""ל 16, חיפה",053-3325131,https://www.instagram.com/studio.brise/
כושר,חיפה,קפוארה ברזיל,7.5,19 ביקורות,"הפלוגות 16, חיפה",054-5856767,אין
עיצוב שיער,תל אביב,"סטודיו חפיף
מנוהל",9.7,1405 ביקורות,"אבן גבירול 13, תל אביב יפו",03-6858282,https://www.instagram.com/Studiohafif/
עיצוב שיער,תל אביב,"איציק אואקיל עיצוב שיער
מנוהל",9.6,894 ביקורות,"שדרות יהודית 25, תל אביב יפו",03-5344110,https://www.instagram.com/izikoakil/
עיצוב שיער,תל אביב,"רפאל המספרה
מנוהל",9.6,542 ביקורות,"שינקין 55, תל אביב יפו",050-4581416,אין
עיצוב שיער,תל אביב,"hair couture nyc המספרה הניו יורקית
מנוהל",9.5,1089 ביקורות,"יהודה המכבי 87, תל אביב יפו",072-2487048,https://www.instagram.com/hair_couture_nyc/
עיצוב שיער,תל אביב,"ראש גדול עיצוב שיער
מנוהל",9.5,707 ביקורות,"דרך השלום 101, תל אביב יפו",03-7310791,אין
עיצוב שיער,תל אביב,"אלי ביטון מסטהייר
מנוהל",9.5,114 ביקורות,"בוגרשוב 62, תל אביב יפו",03-5259797,https://www.instagram.com/Eli_bitton_musthair/
עיצוב שיער,תל אביב,"יאקו ברברשופ
מנוהל",9.5,148 ביקורות,"בית רובינשטיין, תל אביב יפו",054-7717405,https://www.instagram.com/Barbero_tlv/
עיצוב שיער,תל אביב,"Arnolds
מנוהל",9.4,322 ביקורות,"מעון 28, תל אביב יפו",052-4533557,https://www.instagram.com/Arnold.hair/
עיצוב שיער,תל אביב,"מאיר קידר
מנוהל",9.4,178 ביקורות,"בן יהודה 226, תל אביב יפו",03-5461371,אין
עיצוב שיער,תל אביב,"יריב עיצוב בשיער
מנוהל",9.4,284 ביקורות,"קהילת פאדובה 20, תל אביב יפו",052-6567325,https://www.instagram.com/Yariv.hair.cut/
עיצוב שיער,תל אביב,"אומן השיער ליאור ניסימוב
מנוהל",9.4,513 ביקורות,"שדרות המעפילים 31, תל אביב יפו",03-6822666,אין
עיצוב שיער,תל אביב,"עיצוב שיער סידי
מנוהל",9.4,128 ביקורות,"זמנהוף 7, תל אביב יפו",052-7837283,אין
עיצוב שיער,תל אביב,"סטיילי עיצוב שיער
מנוהל",9.5,135 ביקורות,"המלך ג'ורג' 11, תל אביב יפו",055-7228445,https://www.instagram.com/stylytlv/
עיצוב שיער,תל אביב,מספרת רועי ראובני,9.4,299 ביקורות,"בזל 33, תל אביב יפו",052-6968697,אין
עיצוב שיער,תל אביב,"מספרת שי גדון
מנוהל",9.4,102 ביקורות,"שינקין 61, תל אביב יפו",03-6855467,https://www.instagram.com/Shaygadon/
עיצוב שיער,תל אביב,"עומר שמעוני
מנוהל",9.3,1124 ביקורות,"מגדלי אלון, תל אביב יפו",050-6551156,https://www.instagram.com/omershimoni_hairsalon/
עיצוב שיער,תל אביב,"שופוני ברברשופ
מנוהל",9.4,435 ביקורות,"פרישמן 86, תל אביב יפו",052-5472469,https://www.instagram.com/shufooni_barbershop/
עיצוב שיער,תל אביב,"רם סולן
מנוהל",9.3,140 ביקורות,"דיזנגוף 46, תל אביב יפו",050-2236630,https://www.instagram.com/Ram.solan/
עיצוב שיער,תל אביב,"אריאל ישראלוב עיצוב שיער
מנוהל",9.3,173 ביקורות,"דיזנגוף 287, תל אביב יפו",050-2425230,אין
עיצוב שיער,תל אביב,"Mipelo
מנוהל",9.3,222 ביקורות,"המכבי 13, תל אביב יפו",058-7970995,https://www.instagram.com/Mipelo_tlv/
עיצוב שיער,תל אביב,יעקב בנוז מעצב שיער,9.3,78 ביקורות,"המלך ג'ורג' 84, תל אביב יפו",03-6059055,אין
עיצוב שיער,תל אביב,"Nini Hair
מנוהל",9.3,150 ביקורות,"החשמונאים 78, תל אביב יפו",03-5611363,https://www.instagram.com/nini_hair1/
עיצוב שיער,תל אביב,"אבי מלכה
מנוהל",9.3,158 ביקורות,"פרישמן 45, תל אביב יפו",03-5222381,https://www.instagram.com/AVIMALKA1/
עיצוב שיער,תל אביב,"רועי אמזלג
מנוהל",9.3,172 ביקורות,"ה' באייר 64, תל אביב יפו",03-6432303,https://www.instagram.com/roeeamzaleg/
עיצוב שיער,תל אביב,"CUT The Bullshit
מנוהל",9.3,122 ביקורות,"דרך מנחם בגין 46, תל אביב יפו",055-7201915,https://www.instagram.com/Cut_the_bullshitt/
עיצוב שיער,תל אביב,"ברק שושן עיצוב שיער
מנוהל",9.3,106 ביקורות,"פרישמן 32, תל אביב יפו",054-4677079,https://www.instagram.com/Barak_shoshan/
עיצוב שיער,תל אביב,"Snirmeir Barbershop
מנוהל",9.3,145 ביקורות,"דיזנגוף 130, תל אביב יפו",050-6848389,https://www.instagram.com/snirmeir/
עיצוב שיער,תל אביב,אומנות השיער,9.2,77 ביקורות,"לוריא 6, תל אביב יפו",077-2011364,אין
עיצוב שיער,תל אביב,"אסי מדי עיצוב שיער
מנוהל",9.2,102 ביקורות,"אבן גבירול 121, תל אביב יפו",052-8020825,https://www.instagram.com/assimady/
עיצוב שיער,תל אביב,קובי ואלי בורוכוב,9.2,201 ביקורות,"בן יהודה 71, תל אביב יפו",050-9707075,https://www.instagram.com/Kobieliborochov/
עיצוב שיער,תל אביב,"אריאל עיצוב שיער
מנוהל",9.2,107 ביקורות,"טאגור 55, תל אביב יפו",052-7253725,https://www.instagram.com/ariel_hair_master/
עיצוב שיער,תל אביב,"צ'ימי עיצוב שיער
מנוהל",9.2,147 ביקורות,"בוגרשוב 68, תל אביב יפו",03-6293430,אין
עיצוב שיער,תל אביב,"המספרה by shimi
מנוהל",9.2,138 ביקורות,"המלך ג'ורג' 88, תל אביב יפו",054-6818228,https://www.instagram.com/hamasperabys/
עיצוב שיער,תל אביב,"מוטיה רובין
מנוהל",9.2,147 ביקורות,"יגאל אלון 159, תל אביב יפו (בית פנינת איילון)",050-4328580,https://www.instagram.com/Motierubinsalon/
עיצוב שיער,תל אביב,"ארטיום קבנצקי
מנוהל",9.2,57 ביקורות,"דורון 21, תל אביב יפו",052-4307221,https://www.instagram.com/artyomkavnatsky/
עיצוב שיער,תל אביב,"דניאל עיצוב שיער
מנוהל",9.2,34 ביקורות,"יהודה המכבי 58, תל אביב יפו",052-3411191,אין
עיצוב שיער,תל אביב,"אורן ציוני עיצוב שיער
מנוהל",9.2,114 ביקורות,"אבן גבירול 1, תל אביב יפו",03-6855060,אין
עיצוב שיער,תל אביב,"רוני מספרה
מנוהל",9.2,65 ביקורות,"נחל הבשור 1, תל אביב יפו",03-5180318,אין
עיצוב שיער,תל אביב,"ארז שרביט מעצב שיער
מנוהל",9.2,110 ביקורות,"דיזנגוף 322, תל אביב יפו",03-5445393,https://www.instagram.com/Erezsharvit_hairdesign/
עיצוב שיער,תל אביב,"נועם מזור
מנוהל",9.1,98 ביקורות,"ברודצקי 15, תל אביב יפו",03-6423222,https://www.instagram.com/noam_mazor1/
עיצוב שיער,תל אביב,"Babi Real Hair
מנוהל",9.1,91 ביקורות,"מאוריציו ויטלה 9, תל אביב יפו",052-3320431,https://www.instagram.com/Babi_realhair/
עיצוב שיער,תל אביב,אריק מאיוסט,9.1,174 ביקורות,"כ""ג יורדי הסירה 10, תל אביב יפו",03-6020372,https://www.instagram.com/EricMayost/
עיצוב שיער,תל אביב,ברוך סטייל,9.1,83 ביקורות,"דרך קיבוץ גלויות 93, תל אביב יפו",03-6877525,אין
עיצוב שיער,תל אביב,"Leeor Hair To Home P h d
מנוהל",9.1,118 ביקורות,"פנקס 4, תל אביב יפו",054-8015412,https://www.instagram.com/Leeor_hair_to_home_phd/
עיצוב שיער,תל אביב,"יהונתן יעיש
מנוהל",9.1,123 ביקורות,"דיזנגוף 225, תל אביב יפו",077-4007229,https://www.instagram.com/Yonatanyaeish/
עיצוב שיער,תל אביב,מירון מזרחי,9.1,76 ביקורות,"דרך השלום 71, תל אביב יפו",03-7323867,אין
עיצוב שיער,תל אביב,"יקי גולברי
מנוהל",9.1,207 ביקורות,"אופנהיימר 13, תל אביב יפו",03-6410876,https://www.instagram.com/Ygolbary/
עיצוב שיער,תל אביב,"Barber Shop
מנוהל",9.1,908 ביקורות,"דיזנגוף 229, תל אביב יפו",03-5375553,אין
עיצוב שיער,תל אביב,ברנס אורן,9.1,62 ביקורות,"יהודה המכבי 9, תל אביב יפו",03-5441106,אין
עיצוב שיער,תל אביב,"NS Hair Studio
מנוהל",9.1,106 ביקורות,"שמואל תמיר 11, תל אביב יפו",050-7272335,https://www.instagram.com/NS.Hair.Studio/
עיצוב שיער,תל אביב,"אריק
מנוהל",9.1,62 ביקורות,"פרישמן 17, תל אביב יפו",03-5243511,אין
עיצוב שיער,תל אביב,"אסף בן הרוש
מנוהל",9.1,162 ביקורות,"וולטר מוזס, תל אביב יפו",03-9074104,אין
עיצוב שיער,תל אביב,"BarberBoss
מנוהל",9.1,281 ביקורות,"המלך ג'ורג' 9, תל אביב יפו",03-5236666,https://www.instagram.com/BarberBoss/
עיצוב שיער,תל אביב,"עומרי רשף עיצוב שיער
מנוהל",9.1,109 ביקורות,"מונטיפיורי 16, תל אביב יפו (אקרופוליס החדשה)",052-5211234,https://www.instagram.com/omri_reshef_hair_salon/
עיצוב שיער,תל אביב,"מספרת ג'ונסון
מנוהל",9.1,1091 ביקורות,"בנבנישתי 17, תל אביב יפו",03-5016262,https://www.instagram.com/jhonson_barbershop/
עיצוב שיער,תל אביב,"שי שמילי מעצב שיער
מנוהל",9.1,80 ביקורות,"נחלת יצחק 30, תל אביב יפו",054-2173488,https://www.instagram.com/shayshamili_hairstylist/
עיצוב שיער,תל אביב,"Liroy barbershop
מנוהל",9.1,91 ביקורות,"הרב יצחק ידידיה פרנקל 11, תל אביב יפו",050-9916265,https://www.instagram.com/Liroys.barbershop/
עיצוב שיער,תל אביב,"Shmuel barber shop
מנוהל",9.1,81 ביקורות,"שדרות שאול המלך 41, תל אביב יפו",03-6958723,אין
עיצוב שיער,תל אביב,"ויקי שלג עיצוב שיער
מנוהל",9,159 ביקורות,"בן יהודה 188, תל אביב יפו",050-4500943,https://www.instagram.com/Vikisheleg_hair/
עיצוב שיער,תל אביב,"Freshmen Barber and Co
מנוהל",9,76 ביקורות,"דרך מנחם בגין 144, תל אביב יפו",03-7433035,https://www.instagram.com/freshmenbarbers/
עיצוב שיער,תל אביב,"יגאל ויצמן
מנוהל",9,62 ביקורות,"הרוגי מלכות 7, תל אביב יפו",03-6476551,אין
עיצוב שיער,תל אביב,"מספרת גזוז
מנוהל",9,205 ביקורות,"פרישמן 88, תל אביב יפו",03-5224736,אין
עיצוב שיער,תל אביב,Itzik Dabach עיצוב שיער,9,86 ביקורות,"מח""ל 36, תל אביב יפו",050-4400162,אין
עיצוב שיער,תל אביב,"המספרה של שימי ורונית
מנוהל",9,42 ביקורות,"טאגור 32, תל אביב יפו",054-6903310,אין
עיצוב שיער,תל אביב,"רמי גילוחה
מנוהל",9,167 ביקורות,"נס לגויים 1, תל אביב יפו",03-6835762,אין
עיצוב שיער,תל אביב,מספרת מוטי,9,93 ביקורות,"לה גווארדיה 21, תל אביב יפו",03-5370521,אין
עיצוב שיער,תל אביב,"מספרת יוני סלסי
מנוהל",9,132 ביקורות,"שינקין 29, תל אביב יפו",03-7169997,https://www.instagram.com/Yonisalasihair/
עיצוב שיער,תל אביב,"Everyone
מנוהל",9,48 ביקורות,"ויטל 12, תל אביב יפו",טלפון,https://www.instagram.com/everyonetlv/
עיצוב שיער,תל אביב,"אהרון משייב עיצוב שיער
מנוהל",9,166 ביקורות,"דרך קיבוץ גלויות 106, תל אביב יפו",03-6160088,https://www.instagram.com/aharon_masheev/
עיצוב שיער,תל אביב,קטצוץ,9,355 ביקורות,"דרך השלום 101, תל אביב יפו",03-7322255,אין
עיצוב שיער,תל אביב,"מואיש חן
מנוהל",9,42 ביקורות,"בוגרשוב 20, תל אביב יפו",03-6299918,https://www.instagram.com/Moishchen/
עיצוב שיער,תל אביב,"עידן פור עיצוב שיער
מנוהל",9,86 ביקורות,"דיזנגוף 310, תל אביב יפו",03-6139338,https://www.instagram.com/idanpur_hair_design/
עיצוב שיער,תל אביב,"אלירן אזולאי
מנוהל",9,141 ביקורות,"דיזנגוף 50, תל אביב יפו (דיזנגוף סנטר)",050-4777705,https://www.instagram.com/eliranazulayhairdesigner/
עיצוב שיער,תל אביב,"תוספות שיער Top Hair
מנוהל",9,21 ביקורות,"דיזנגוף 99, תל אביב יפו",054-4545620,https://www.instagram.com/amiyehezkel/
עיצוב שיער,תל אביב,"fade room barbershop
מנוהל",9,164 ביקורות,"הרב יצחק ידידיה פרנקל 29, תל אביב יפו",050-3008804,https://www.instagram.com/Faderoom.barbershop/
עיצוב שיער,תל אביב,Cuts You Up,8.9,298 ביקורות,"רבי אדא 2, תל אביב יפו",03-5532323,אין
עיצוב שיער,תל אביב,"ראשם
מנוהל",8.9,89 ביקורות,"דיזנגוף סנטר, תל אביב יפו",03-6200476,אין
עיצוב שיער,תל אביב,ג'ונתן מעצב שיער,8.9,152 ביקורות,"פרישמן 13, תל אביב יפו",03-5220486,אין
עיצוב שיער,תל אביב,"חוליגן
מנוהל",9,59 ביקורות,"דיזנגוף 146, תל אביב יפו",054-4599940,https://www.instagram.com/hooliganTLV/
עיצוב שיער,תל אביב,"Reni עיצוב שיער
מנוהל",8.9,105 ביקורות,"פלורנטין 38, תל אביב יפו",054-7752201,https://www.instagram.com/Reni.hairstylist/
עיצוב שיער,תל אביב,סער ברוך,8.9,47 ביקורות,"אבן גבירול 93, תל אביב יפו",03-5248896,אין
עיצוב שיער,תל אביב,"מירו את ניסו
מנוהל",8.9,62 ביקורות,"שדרות שאול המלך 2, תל אביב יפו",03-6953829,https://www.instagram.com/yaron_dahan.salon/
עיצוב שיער,תל אביב,"רונצ'ו מספרה רמת החייל
מנוהל",8.9,175 ביקורות,"ראול ולנברג 24, תל אביב יפו (מגדלי זיו)",03-6479956,אין
עיצוב שיער,תל אביב,"טרנזישן Transition
מנוהל",8.9,103 ביקורות,"בן יהודה 220, תל אביב יפו",03-9494614,אין
עיצוב שיער,תל אביב,"יניב וערן קצב
מנוהל",8.9,125 ביקורות,"אבן גבירול 168, תל אביב יפו",03-6052224,אין
עיצוב שיער,תל אביב,גאולה עיצוב שיער,8.9,28 ביקורות,"שדרות המעפילים 34, תל אביב יפו",050-5411414,אין
עיצוב שיער,תל אביב,"Highlights
מנוהל",8.9,108 ביקורות,"יהודה המכבי 1, תל אביב יפו",03-6020691,https://www.instagram.com/highlightstlv/
עיצוב שיער,תל אביב,"אילן גורי
מנוהל",8.9,35 ביקורות,"בן יהודה 189, תל אביב יפו",052-2233555,אין
עיצוב שיער,תל אביב,"מיכלי בוטיק שיער
מנוהל",8.9,12 ביקורות,"הרב אלנקווה 33, תל אביב יפו",054-6683070,אין
עיצוב שיער,תל אביב,"Sol hair style
מנוהל",8.9,94 ביקורות,"אברבנאל 45, תל אביב יפו",050-7854166,אין
עיצוב שיער,תל אביב,"אילן רובין
מנוהל",8.9,97 ביקורות,"ארלוזורוב 41, תל אביב יפו",03-5236923,אין
עיצוב שיער,תל אביב,"חיים זיו
מנוהל",8.9,132 ביקורות,"בן יהודה 196, תל אביב יפו",03-5221779,https://www.instagram.com/haimziv_hairstyle/
עיצוב שיער,תל אביב,אבנר מלכה,8.9,181 ביקורות,"ביילינסון 1, תל אביב יפו",072-3226999,אין
עיצוב שיער,תל אביב,"מספרת מלי וסאמיה
מנוהל",8.9,32 ביקורות,"יפת 47, תל אביב יפו",03-6835167,אין
עיצוב שיער,תל אביב,"רן חפץ עיצוב שיער
מנוהל",8.9,53 ביקורות,"לאה גולדברג 3, תל אביב יפו",050-5113333,https://www.instagram.com/Ran_chefetz/
עיצוב שיער,תל אביב,מספרת עדי יהודה,8.9,53 ביקורות,"בוגרשוב 29, תל אביב יפו",03-5250363,אין
עיצוב שיער,תל אביב,"המספרה של אנה
מנוהל",8.9,112 ביקורות,"שלמה המלך 29, תל אביב יפו",03-6203353,https://www.instagram.com/annahaircreator/
עיצוב שיער,תל אביב,"קונדלראסטה
מנוהל",8.9,325 ביקורות,"המלך ג'ורג' 4, תל אביב יפו",03-6207045,https://www.instagram.com/kundala_rasta/
עיצוב שיער,תל אביב,יוסי ממן,8.9,55 ביקורות,"בן יהודה 234, תל אביב יפו",03-5441737,אין
עיצוב שיער,תל אביב,עיצוב שיער ירון,8.8,178 ביקורות,"דרך השלום 101, תל אביב יפו",03-7315148,אין
עיצוב שיער,ירושלים,"יורם תלתלים קרית יובל
מנוהל",9.5,558 ביקורות,"אורוגואי 31, ירושלים",050-9222261,https://www.instagram.com/Yoramhairartist/
עיצוב שיער,ירושלים,"מספרת אבי אביב
מנוהל",9.4,195 ביקורות,"שדרות משה דיין 154, ירושלים",02-6543334,אין
עיצוב שיער,ירושלים,"מיקי חזן
מנוהל",9.4,114 ביקורות,"הלל 23, ירושלים (מגדל ירושלים)",02-6257740,אין
עיצוב שיער,ירושלים,"מספרת דניאל בן
מנוהל",9.4,128 ביקורות,"הלל 8, ירושלים",02-5387873,https://www.instagram.com/Danielben_jlm/
עיצוב שיער,ירושלים,"מספרפי
מנוהל",9.3,177 ביקורות,"אוסישקין 41, ירושלים",054-6356939,אין
עיצוב שיער,ירושלים,idesign,9.3,105 ביקורות,"שמאי 9, ירושלים",02-6236733,אין
עיצוב שיער,ירושלים,"מספרת ברוך אליזרוב
מנוהל",9.3,387 ביקורות,"יפו 202, ירושלים",052-3658488,אין
עיצוב שיער,ירושלים,"Tomhair
מנוהל",9.3,163 ביקורות,"רחל אמנו 1, ירושלים",050-8114188,https://www.instagram.com/tomhair_israel/
עיצוב שיער,ירושלים,"המספרה
מנוהל",9.2,31 ביקורות,"כנפי נשרים 15, ירושלים",054-6723991,https://www.instagram.com/Hamispara.jlm/
עיצוב שיער,ירושלים,"The Gentlemen's Barber Shop
מנוהל",9.2,116 ביקורות,"שמאי 13, ירושלים",052-8816570,https://www.instagram.com/haim_barber/
עיצוב שיער,ירושלים,"המספרה של אליהו
מנוהל",9.2,134 ביקורות,"בית וגן 42, ירושלים",050-9094047,אין
עיצוב שיער,ירושלים,גיא צרפתי,9.1,164 ביקורות,"שדרות הרצל 50, ירושלים",02-6517770,אין
עיצוב שיער,ירושלים,מספרת סנהדריה,9.1,70 ביקורות,"ים סוף 28, ירושלים",058-3271333,אין
עיצוב שיער,ירושלים,"Yokra
מנוהל",9.5,19 ביקורות,"המלך ג'ורג' 46, ירושלים",054-2184657,https://www.instagram.com/yokra_bar/
עיצוב שיער,ירושלים,"אומנות הראש
מנוהל",9.1,140 ביקורות,"הטורים 6, ירושלים",02-5389725,אין
עיצוב שיער,ירושלים,"שיקו אוחנה
מנוהל",9.1,65 ביקורות,"הל""ה 19, ירושלים",02-5670418,אין
עיצוב שיער,ירושלים,"מספרה של איש אחד
מנוהל",9.1,267 ביקורות,"יפו 25, ירושלים",052-5268889,https://www.instagram.com/Eladscissors/
עיצוב שיער,ירושלים,"שי רכניץ
מנוהל",9.1,75 ביקורות,"הורקניה 8, ירושלים",050-5991849,אין
עיצוב שיער,ירושלים,"ליאור קרדי
מנוהל",9.1,153 ביקורות,"דרך חברון 105, ירושלים",050-2631641,אין
עיצוב שיער,ירושלים,"דורון ארד
מנוהל",9.1,108 ביקורות,"לייב יפה 9, ירושלים",02-6734996,אין
עיצוב שיער,ירושלים,"מוטי מספרה
מנוהל",9.1,314 ביקורות,"צביה ויצחק 800, ירושלים",02-6454321,https://www.instagram.com/motti.hasson/
עיצוב שיער,ירושלים,"אמיר כרייף עיצוב שיער
מנוהל",9,108 ביקורות,"כתריאל טחורש 4, ירושלים",052-5676289,https://www.instagram.com/amir.krief/
עיצוב שיער,ירושלים,חשמונאי אופיר,9,54 ביקורות,"דרך בית לחם 72, ירושלים",02-5672116,https://www.instagram.com/ofir_hashmonai/
עיצוב שיער,ירושלים,"קובי עטר
מנוהל",9,33 ביקורות,"יפו 30, ירושלים",054-4636029,https://www.instagram.com/kobyatar/
עיצוב שיער,ירושלים,"שמוליק
מנוהל",9,50 ביקורות,"עמק רפאים 30, ירושלים",02-5638888,אין
עיצוב שיער,ירושלים,נאור נאמן המספרה,8.9,56 ביקורות,"שמעוני 24, ירושלים",02-6447002,אין
עיצוב שיער,ירושלים,רנדי אייל עיצוב שיער,8.9,54 ביקורות,"הורקניה 8, ירושלים",02-6727282,אין
עיצוב שיער,ירושלים,"המספרה של רומי
מנוהל",8.9,73 ביקורות,"אורוגואי 1, ירושלים",02-6428502,אין
עיצוב שיער,ירושלים,"רמי הספר
מנוהל",8.9,24 ביקורות,"קנאי הגליל 52, ירושלים",050-5755955,אין
עיצוב שיער,ירושלים,דפנה מספרה,8.8,115 ביקורות,"הארזים 13, ירושלים",02-5717133,אין
עיצוב שיער,ירושלים,"רועי בן עמי עיצוב שיער
מנוהל",8.8,67 ביקורות,"אחד העם 12, ירושלים",052-4449944,https://www.instagram.com/Roeebenami_hairdesigner/
עיצוב שיער,ירושלים,אורן שחר מספרת גברים וילדים,8.8,91 ביקורות,"חזקיהו המלך 13, ירושלים",02-5638666,אין
עיצוב שיער,ירושלים,"אורן גנו ברבר
מנוהל",8.8,15 ביקורות,"שח""ל 58, ירושלים",052-5674535,אין
עיצוב שיער,ירושלים,"דויד עיצוב שיער
מנוהל",8.8,66 ביקורות,"עמק רפאים 17, ירושלים",02-5639766,אין
עיצוב שיער,ירושלים,"עיצוב שיער מוריס
מנוהל",8.8,47 ביקורות,"דרך בית לחם 82, ירושלים",02-6722952,אין
עיצוב שיער,ירושלים,"Yaniv Ben Hair Fashion
מנוהל",8.8,69 ביקורות,"צביה ויצחק 800, ירושלים",02-6768418,https://www.instagram.com/Yanivben_hairfashion/
עיצוב שיער,ירושלים,"אמיר סבן
מנוהל",8.8,39 ביקורות,"יהודה 9, ירושלים",054-7941702,https://www.instagram.com/Amirsaban7/
עיצוב שיער,ירושלים,"ETI'S
מנוהל",8.8,53 ביקורות,"קנאי הגליל 38, ירושלים",050-7937345,https://www.instagram.com/Eti_hairstyle/
עיצוב שיער,ירושלים,"אורן הספר
מנוהל",8.8,35 ביקורות,"יפו 217, ירושלים",050-2015013,https://www.instagram.com/Orenhasapar/
עיצוב שיער,ירושלים,"דרמון עיצוב שיער עד הבית
מנוהל",8.8,60 ביקורות,ירושלים,058-5200287,אין
עיצוב שיער,ירושלים,"לידיה
מנוהל",8.8,28 ביקורות,"מרדכי עליאש 8, ירושלים",02-6241351,אין
עיצוב שיער,ירושלים,"אייל מור
מנוהל",8.7,64 ביקורות,"בורוכוב 61, ירושלים",02-6411052,אין
עיצוב שיער,ירושלים,Rami Hair,8.7,143 ביקורות,"יפו 145, ירושלים",02-5670804,אין
עיצוב שיער,ירושלים,"Hair studio by Johnny shvartz
מנוהל",8.8,133 ביקורות,"בן סירא 1, ירושלים",050-5741407,https://www.instagram.com/brokenscissors_jlm/
עיצוב שיער,ירושלים,מספרת שמפו,8.7,129 ביקורות,"הלל 13, ירושלים",02-6257666,אין
עיצוב שיער,ירושלים,"מאור מזרחי מספרה
מנוהל",8.7,31 ביקורות,"החבצלת 3, ירושלים",054-7903876,https://www.instagram.com/Maorstyl/
עיצוב שיער,ירושלים,"המספרה של רובי
מנוהל",8.7,79 ביקורות,"הרב ריינס 12, ירושלים",02-6540305,אין
עיצוב שיער,ירושלים,מספרת אלעד,8.7,50 ביקורות,"האייל 16, ירושלים",02-6483363,אין
עיצוב שיער,ירושלים,דייו'ס,8.7,48 ביקורות,"דרך בית לחם 60, ירושלים",02-6711462,אין
עיצוב שיער,ירושלים,"Rivkas braids
מנוהל",8.6,8 ביקורות,"משה סנה 1, ירושלים",053-5304881,אין
עיצוב שיער,ירושלים,"אליה מספרה
מנוהל",8.3,15 ביקורות,"מקסיקו 2, ירושלים",052-5156515,https://www.instagram.com/Eliyabarbershop/
עיצוב שיער,ירושלים,"מספרת אביחי לוי
מנוהל",8.3,10 ביקורות,"פינס 3, ירושלים",050-3713710,https://www.instagram.com/avihay_levi_88/
עיצוב שיער,ירושלים,דורי גידי,8.3,32 ביקורות,"זאב ז'בוטינסקי 27, ירושלים",02-6240171,אין
עיצוב שיער,ירושלים,"יוסי אסף
מנוהל",8.3,8 ביקורות,"ינאי 3, ירושלים",054-8131688,https://www.instagram.com/Yossi.asaf/
עיצוב שיער,ירושלים,"יאיר תוספות שיער
מנוהל",8.3,4 ביקורות,"יפו 234, ירושלים",050-3216763,אין
עיצוב שיער,ירושלים,"מספרת רוברט
מנוהל",8.3,13 ביקורות,"ברל לוקר 25, ירושלים",02-6792756,אין
עיצוב שיער,ירושלים,מעצבי שיער אופיר&אורן אמויאל,8.3,10 ביקורות,"פז פסגת זאב, ירושלים",02-6565511,אין
עיצוב שיער,ירושלים,יניב לוי עיצוב שיער,8.2,16 ביקורות,"הרב הרצוג 61, ירושלים",02-6789091,אין
עיצוב שיער,ירושלים,"מספרת ניסים
מנוהל",8.2,7 ביקורות,"בית הדפוס 12, ירושלים (בית השנהב)",052-8434397,אין
עיצוב שיער,ירושלים,פאות יפי קמינר,8.2,18 ביקורות,"שמגר 14, ירושלים",02-6423576,אין
עיצוב שיער,ירושלים,"יוסי הספר
מנוהל",8.2,20 ביקורות,"יפו 132, ירושלים",02-6305010,https://www.instagram.com/Yossi.cohen01/
עיצוב שיער,ירושלים,"אדריכלות השיער
מנוהל",8.2,16 ביקורות,"יעקב טהון 14, ירושלים",050-6233612,אין
עיצוב שיער,ירושלים,אבי את מושיקו,8.2,14 ביקורות,"עמק רפאים 26, ירושלים",02-5619869,אין
עיצוב שיער,ירושלים,המספרה של קובי,8.1,14 ביקורות,"בן טבאי 10, ירושלים",02-6793332,אין
עיצוב שיער,ירושלים,"אריאל עיצוב שיער
מנוהל",8.2,4 ביקורות,"שטראוס 28, ירושלים",052-4512194,אין
עיצוב שיער,ירושלים,"מתן עיצוב שיער
מנוהל",8.2,51 ביקורות,"כנפי נשרים 15, ירושלים",077-5155495,אין
עיצוב שיער,ירושלים,איטה פישר פאות,8.1,11 ביקורות,"פארן 7, ירושלים",02-5816562,אין
עיצוב שיער,ירושלים,"קובי קדוש עיצוב שיער
מנוהל",8.1,11 ביקורות,"הרברט סמואל 1, ירושלים",050-9844486,אין
עיצוב שיער,ירושלים,"ליעד מיארה
מנוהל",8.1,32 ביקורות,"יפו 25, ירושלים",02-5855786,https://www.instagram.com/Liad_myara/
עיצוב שיער,ירושלים,"פינה בראש
מנוהל",8,5 ביקורות,"המרפא 1, ירושלים (פארק סנטר הר החוצבים)",02-5384747,אין
עיצוב שיער,ירושלים,"הרמוניה
מנוהל",8,6 ביקורות,"ההסתדרות 11, ירושלים",050-7620023,https://www.instagram.com/barber_shop_harmonya/
עיצוב שיער,ירושלים,"אלי קרדוזו עיצוב שיער
מנוהל",7.9,3 ביקורות,"ההסתדרות 2, ירושלים",058-4640100,https://www.instagram.com/E.c.salon/
עיצוב שיער,ירושלים,אסף ויצמן שיער וקוסמטיקה,7.9,24 ביקורות,"בית""ר 2, ירושלים (בית הטיילת)",02-6713260,אין
עיצוב שיער,ירושלים,"יהודה הספר
מנוהל",7.8,3 ביקורות,"אהליאב 19, ירושלים",054-2971352,אין
עיצוב שיער,ירושלים,יוני ברוך עיצוב שיער,7.8,4 ביקורות,"מבצע קדש 4, ירושלים",02-5637686,אין
עיצוב שיער,ירושלים,חיים דיין,8.6,40 ביקורות,"בני בתירא 6, ירושלים",02-6793686,אין
עיצוב שיער,ירושלים,"יהודה שושן עיצוב שיער
מנוהל",8.6,57 ביקורות,"ברוריה 4, ירושלים",02-5630400,אין
עיצוב שיער,ירושלים,"אליחי בן אהרון מעצב שיער
מנוהל",8.6,35 ביקורות,"הכרכום 11, ירושלים",052-5458997,אין
עיצוב שיער,ירושלים,"סלון פנטזיה
מנוהל",8.6,71 ביקורות,"דרך עזה 22, ירושלים",02-5612379,אין
עיצוב שיער,ירושלים,"יניב מזרחי המספרה
מנוהל",8.6,10 ביקורות,"בית הכרם 13, ירושלים",054-7858555,אין
עיצוב שיער,ירושלים,"מספרת רועי
מנוהל",8.6,43 ביקורות,"מאיר גרשון 34, ירושלים",02-6563555,אין
עיצוב שיער,ירושלים,אור זקן מעצב שיער,8.6,30 ביקורות,"יוסי בן יועזר 13, ירושלים",054-2066840,אין
עיצוב שיער,ירושלים,"אפי חזות
מנוהל",8.6,14 ביקורות,"ההסתדרות 4, ירושלים",052-3325955,אין
עיצוב שיער,ירושלים,"אבי מנקו
מנוהל",8.6,173 ביקורות,"דרך עזה 24, ירושלים",054-6677149,https://www.instagram.com/avimankohair/
עיצוב שיער,ירושלים,"ציון מספרה לגברים
מנוהל",8.6,502 ביקורות,"בית ישראל 2, ירושלים",052-8309307,https://www.instagram.com/Zion_barber/
עיצוב שיער,ירושלים,"שחר בן & טל בן
מנוהל",8.5,9 ביקורות,"דהומיי 3, ירושלים",02-6446261,אין
עיצוב שיער,ירושלים,"בלבלראסטה
מנוהל",8.5,57 ביקורות,"החבצלת 3, ירושלים",077-5354655,https://www.instagram.com/Balbalarasta_alona/
עיצוב שיער,ירושלים,מספרת גיל,8.5,10 ביקורות,"אריה דולצ'ין 26, ירושלים",02-6419499,אין
עיצוב שיער,ירושלים,"בן חתם אומנות השיער
מנוהל",8.5,10 ביקורות,"הרב קוק 8, ירושלים (בית אשדר)",02-6233144,https://www.instagram.com/benhatam_hairstyling/
עיצוב שיער,ירושלים,"רועי הרוש Roiharush
מנוהל",8.5,62 ביקורות,"הדישון 1, ירושלים",054-5560643,אין
עיצוב שיער,ירושלים,"מספרה של ליאור
מנוהל",8.4,4 ביקורות,"זכרון יעקב 1, ירושלים",052-4227931,אין
עיצוב שיער,ירושלים,יוחנן עיצוב שיער,8.4,7 ביקורות,"הל""ה 38, ירושלים",052-3375505,אין
עיצוב שיער,ירושלים,Amir moyal hair&wigs,8.4,38 ביקורות,"דוד המלך 16, ירושלים",02-9994829,אין
עיצוב שיער,ירושלים,"איתן סבג
מנוהל",8.4,72 ביקורות,"דהומיי 14, ירושלים",02-6410044,https://www.instagram.com/Eitan_sabag1/
עיצוב שיער,ירושלים,מספרת אסף רפאל,8.4,28 ביקורות,"קולומביה 3, ירושלים",052-6880319,אין
עיצוב שיער,ירושלים,"אלי&דגן
מנוהל",8.4,21 ביקורות,"אסתר המלכה 1, ירושלים",02-6712055,אין
עיצוב שיער,ירושלים,"ורד
מנוהל",8.4,12 ביקורות,"השישה עשר 11, ירושלים",050-3238217,אין
עיצוב שיער,ירושלים,נחום שבו עיצוב שיער,8.4,5 ביקורות,"עולי הגרדום 8, ירושלים",02-6713615,אין
עיצוב שיער,ירושלים,"קובי אזולאי
מנוהל",8.4,5 ביקורות,"השישה עשר 13, ירושלים",050-2308196,אין
עיצוב שיער,ירושלים,"אלעד הספר
מנוהל",8.4,7 ביקורות,"רמות, ירושלים",050-8572720,https://www.instagram.com/Elad_hair_design/
עיצוב שיער,חיפה,"Moshiko Hair Academy
מנוהל",9.6,338 ביקורות,"צבעוני 11, חיפה",054-2415476,https://www.instagram.com/Moshiko_Hair_Academy/
עיצוב שיער,חיפה,אלבז אהוד עיצוב שיער ואיפור,9.4,769 ביקורות,"חנה סנש 45, חיפה",077-5040903,אין
עיצוב שיער,חיפה,"איל עמרם
מנוהל",9.4,303 ביקורות,"המלך שאול 19, חיפה",054-5425469,https://www.instagram.com/Eyalhairandmakeup/
עיצוב שיער,חיפה,"אדיר לוי & שרון לוי
מנוהל",9.4,205 ביקורות,"שדרות מוריה 118, חיפה",054-4851412,https://www.instagram.com/adir_levi_and_sharon_levi/
עיצוב שיער,חיפה,"Witch Beauty
מנוהל",9.4,253 ביקורות,"שדרות מוריה 15, חיפה",054-7595754,https://www.instagram.com/Natalie_Lechinsky/
עיצוב שיער,חיפה,"רויטל טובול
מנוהל",9.3,382 ביקורות,"קדושי יאסי 2, חיפה (גן הקונגרסים)",052-2702205,אין
עיצוב שיער,חיפה,"אלי פאור עיצוב שיער
מנוהל",9.3,151 ביקורות,"חניתה 64, חיפה",050-7637921,אין
עיצוב שיער,חיפה,"רונן לוי
מנוהל",9.3,135 ביקורות,"שדרות מוריה 52, חיפה",04-8381793,אין
עיצוב שיער,חיפה,"המספרה
מנוהל",9.3,47 ביקורות,"שלום עליכם 4, חיפה (מרכז זיו)",052-6443007,אין
עיצוב שיער,חיפה,"דניאל רוזן
מנוהל",9.1,92 ביקורות,"סעדיה גאון 10, חיפה",050-4700490,אין
עיצוב שיער,חיפה,"שלומי כהן עיצוב שיער
מנוהל",9.2,124 ביקורות,"נתן קומוי 9, חיפה",054-3696653,אין
עיצוב שיער,חיפה,"קרן בניסטי
מנוהל",9.2,471 ביקורות,"שדרות הנשיא 29, חיפה",054-4746696,https://www.instagram.com/kerenbenisti/
עיצוב שיער,חיפה,דניאל סנטר,9.2,215 ביקורות,"שדרות ההסתדרות 54, חיפה",04-8622269,אין
עיצוב שיער,חיפה,גילי ומיקי מעצבי שיער,9.2,236 ביקורות,"זאב ז'בוטינסקי 17, חיפה",054-6570677,אין
עיצוב שיער,חיפה,"MASPERA
מנוהל",9.2,193 ביקורות,"אנדרי סחרוב 9, חיפה",04-8502050,https://www.instagram.com/maspera_haifa/
עיצוב שיער,חיפה,דניאל עיצוב שיער,9.2,179 ביקורות,"שדרות בן גוריון 30, חיפה",04-8555544,אין
עיצוב שיער,חיפה,"קו צעיר
מנוהל",9.1,91 ביקורות,"בנימין ד'ישראלי 2, חיפה",04-8264426,אין
עיצוב שיער,חיפה,"מספרת סטיב
מנוהל",9.1,180 ביקורות,"שדרות בן גוריון 6, חיפה (סיטי סנטר)",050-4422740,https://www.instagram.com/steve_hair_design/
עיצוב שיער,חיפה,"סיוון מדמוני
מנוהל",9.1,235 ביקורות,"שדרות מוריה 120, חיפה",04-8112211,https://www.instagram.com/sivanmadmoni/
עיצוב שיער,חיפה,"ארז רייס
מנוהל",9.1,115 ביקורות,"שדרות אח""י אילת 11, חיפה",04-8405661,אין
עיצוב שיער,חיפה,"Rastafari Style
מנוהל",9,57 ביקורות,"קניון חיפה, חיפה",054-5808324,https://www.instagram.com/rastafari_style/
עיצוב שיער,חיפה,"ברבריה חיפה
מנוהל",9.1,646 ביקורות,"הנמל 3, חיפה",050-7744286,https://www.instagram.com/Barberiahaifa/
עיצוב שיער,חיפה,"שלומי בן שיטרית
מנוהל",8.9,56 ביקורות,"ורדיה 8, חיפה",04-8111866,אין
עיצוב שיער,חיפה,"ראש נו""ש ROSH NOSH
מנוהל",8.9,93 ביקורות,"שדרות טרומפלדור 16, חיפה",077-2007425,https://www.instagram.com/roshnosh/
עיצוב שיער,חיפה,"רועי לולו
מנוהל",8.9,47 ביקורות,"שדרות מוריה 105, חיפה",04-8200200,https://www.instagram.com/Roeilulu_hair_makeup/
עיצוב שיער,חיפה,גזורים,8.9,135 ביקורות,"אלברט איינשטיין 139, חיפה",04-8121255,אין
עיצוב שיער,חיפה,"שרית עיצוב שיער
מנוהל",8.9,58 ביקורות,"אינטרנשיונל 9, חיפה",052-8367402,אין
עיצוב שיער,חיפה,"Chechi's Barbershop
מנוהל",8.8,35 ביקורות,"שדרות הנשיא 124, חיפה",077-4821367,https://www.instagram.com/chechis_barbershop/
עיצוב שיער,חיפה,מספרת יורם אסידו,8.8,213 ביקורות,"שדרות טרומפלדור 56, חיפה",04-8232660,אין
עיצוב שיער,חיפה,"עיצוב שיער ליאן
מנוהל",8.8,50 ביקורות,"שדרות מוריה 13, חיפה",054-7991369,https://www.instagram.com/lian_hairstyle/
עיצוב שיער,חיפה,"מספרת על
מנוהל",8.8,14 ביקורות,"יוכבד 18, חיפה",04-8252581,אין
עיצוב שיער,חיפה,"Barber Shop Rami
מנוהל",8.9,72 ביקורות,"שדרות הציונות 11, חיפה",054-6893134,https://www.instagram.com/Barbershoprami/
עיצוב שיער,חיפה,"רפי איס עיצוב שיער
מנוהל",8.8,65 ביקורות,"תחנה מרכזית חיפה חוף הכרמל, חיפה",04-8550096,https://www.instagram.com/rafi_is_hair_styling/
עיצוב שיער,חיפה,"Lena Dines hair stylist
מנוהל",8.7,78 ביקורות,"ביאליק 13, חיפה",054-7353374,אין
עיצוב שיער,חיפה,"ויליאם עיצוב שיער
מנוהל",8.7,102 ביקורות,"שדרות הנשיא 14, חיפה",04-8110669,https://www.instagram.com/williamna/
עיצוב שיער,חיפה,עיצוב שיער מוריס,8.7,31 ביקורות,"עבאס 1, חיפה",04-8554424,אין
עיצוב שיער,חיפה,"PO המרכז להחלקות ותוספות
מנוהל",8.8,29 ביקורות,"חורב 15, חיפה (חורב G מרכז)",04-8262996,אין
עיצוב שיער,חיפה,בן הרוש דודי,8.7,42 ביקורות,"שדרות הנשיא 129, חיפה",04-8363737,אין
עיצוב שיער,חיפה,"עיצוב שיער לילי
מנוהל",8.7,72 ביקורות,"שדרות טרומפלדור 51, חיפה",054-7638645,אין
עיצוב שיער,חיפה,סלון רון,8.7,39 ביקורות,"חניתה 79, חיפה",04-8238888,אין
עיצוב שיער,חיפה,"ORI KORIAT
מנוהל",8.7,19 ביקורות,"קדושי יאסי 2, חיפה (גן הקונגרסים)",050-2705230,https://www.instagram.com/koriat_barbershop/
עיצוב שיער,חיפה,סלון כמיל,8.7,14 ביקורות,"שדרות הציונות 17, חיפה",04-8514891,אין
עיצוב שיער,חיפה,"עדן סאסי
מנוהל",8.6,110 ביקורות,"שדרות הנשיא 83, חיפה",054-8948714,https://www.instagram.com/eden.sasi.hair/
עיצוב שיער,חיפה,"אבי ביטון
מנוהל",8.6,81 ביקורות,"שדרות מוריה 23, חיפה",050-9107402,https://www.instagram.com/Avibitton11/
עיצוב שיער,חיפה,"חלי אומנות קליעת צמות
מנוהל",8.6,9 ביקורות,"הרב מיימון 44, חיפה",050-9148101,https://www.instagram.com/helibraidss/
עיצוב שיער,חיפה,"עדן טפירו עיצוב שיער
מנוהל",8.6,28 ביקורות,"שדרות מאפו 13, חיפה",052-6413565,https://www.instagram.com/Edentapiro_hairdesing/
עיצוב שיער,חיפה,מזרחי רמי,8.6,62 ביקורות,"הלל 2, חיפה",04-8620479,אין
עיצוב שיער,חיפה,"BEN LUGASI HAIRSALON
מנוהל",8.6,17 ביקורות,"העלייה השנייה 42, חיפה",052-4608202,https://www.instagram.com/Ben_lugasi_hairslaon/
עיצוב שיער,חיפה,"עידן עצמון
מנוהל",8.6,72 ביקורות,"חורב 1, חיפה",04-8257574,https://www.instagram.com/idanatzmon/
עיצוב שיער,חיפה,עיצוב שיער אביב ודינה,8.5,9 ביקורות,"דרך אלנבי 119, חיפה",04-8107534,אין
עיצוב שיער,חיפה,"מספרת ליאור
מנוהל",8.6,26 ביקורות,"חורב 6, חיפה",04-8389032,אין
עיצוב שיער,חיפה,מספרת הנרי,8.4,41 ביקורות,"גלבוע 32, חיפה",04-8322175,אין
עיצוב שיער,חיפה,"אילן מלכה
מנוהל",8.4,4 ביקורות,"זאב שוהם 43, חיפה",052-8707935,אין
עיצוב שיער,חיפה,"מספרת גברים של רינגו
מנוהל",8.4,31 ביקורות,"שרה 12, חיפה",054-3015202,https://www.instagram.com/ringo_barbers/
עיצוב שיער,חיפה,"סלון אריה ברכה
מנוהל",8.4,12 ביקורות,"צה""ל 53, חיפה",052-2663673,אין
עיצוב שיער,חיפה,"Barber SHOP Alfasi
מנוהל",8.3,9 ביקורות,"מוהליבר 14, חיפה",050-7313510,אין
עיצוב שיער,חיפה,"AVIV OKNIN BARBERSHOP
מנוהל",8.3,6 ביקורות,"שדרות אח""י אילת 5, חיפה",055-7226759,אין
עיצוב שיער,חיפה,"The Barbary
מנוהל",8.3,9 ביקורות,"הרצל 7, חיפה",050-8535150,אין
עיצוב שיער,חיפה,ביטון אלי,8.3,102 ביקורות,"שדרות הנשיא 125, חיפה",052-2481373,אין
עיצוב שיער,חיפה,"Nir Hair Design
מנוהל",8.3,8 ביקורות,"קרית חיים מזרחית, חיפה",052-6665207,https://www.instagram.com/nirakabel/
עיצוב שיער,חיפה,"רוחמה רמר
מנוהל",8.3,5 ביקורות,"הגדוד העברי 93, חיפה",052-6740073,אין
עיצוב שיער,חיפה,"Bisho hairstyle
מנוהל",8.3,5 ביקורות,"יוסף, חיפה",052-5675553,https://www.instagram.com/bisho_hairstyle/
עיצוב שיער,חיפה,איציק כרסנטי עיצוב שיער,8.2,97 ביקורות,"שדרות מוריה 94, חיפה",04-8344911,אין
עיצוב שיער,חיפה,מספרת לירם בן שושן,8.2,5 ביקורות,"ארתור הנטקה 64, חיפה",04-8254367,אין
עיצוב שיער,חיפה,סלון רוני,8.1,23 ביקורות,"חניתה 40, חיפה",04-8324202,אין
עיצוב שיער,חיפה,"Moran hair & makeup
מנוהל",8,3 ביקורות,"בית לחם 71, חיפה",054-4822941,https://www.instagram.com/moran.make.up/
עיצוב שיער,חיפה,"ASI&miri
מנוהל",8,4 ביקורות,"הצלפים 2, חיפה",04-8246177,https://www.instagram.com/asi.issa/
עיצוב שיער,חיפה,"E&s
מנוהל",8,3 ביקורות,"שדרות הנשיא 121, חיפה",052-6769423,https://www.instagram.com/Gentlemanshouse.Haifa/
עיצוב שיער,חיפה,לירז עיצוב שיער,7.9,75 ביקורות,"שדרות הנשיא 128, חיפה",04-8103656,אין
עיצוב שיער,חיפה,"גיא ביטון
מנוהל",7.8,3 ביקורות,"שדרות מוריה 105, חיפה",052-3223007,https://www.instagram.com/guy.biton/
עיצוב שיער,חיפה,גבריאל כהן,7.8,15 ביקורות,"ליבריה 2, חיפה",04-8341014,אין
עיצוב שיער,חיפה,"Oferclinic
מנוהל",0.0,9 ביקורות,"חורב 6, חיפה",04-8204278,https://www.instagram.com/Oferas/
עיצוב שיער,חיפה,"מיכה אפרגן
מנוהל",0.0,11 ביקורות,"דרך הים 209, חיפה",050-8104050,אין
עיצוב שיער,חיפה,"עיצוב שיער תמי
מנוהל",0.0,3 ביקורות,"כל ישראל חברים 45, חיפה",054-4833758,אין
עיצוב שיער,חיפה,"רועי לוי
מנוהל",0.0,68 ביקורות,"שדרות אח""י אילת 44, חיפה",04-8735505,https://www.instagram.com/Roei_levi1201/
עיצוב שיער,חיפה,יעל עיצוב שיער,0.0,29 ביקורות,"שדרות הנשיא 37, חיפה",04-8363683,אין
עיצוב שיער,חיפה,חנן,0.0,4 ביקורות,"מרסיי 24, חיפה",04-8596539,אין
עיצוב שיער,חיפה,מספרת רודיקה,0.0,5 ביקורות,"ברכה חבס 1, חיפה",04-8370078,אין
עיצוב שיער,חיפה,מומי בן שושן,0.0,1 ביקורות,"יגאל אלון 31, חיפה (מרכז דניס)",04-8320682,אין
עיצוב שיער,חיפה,עיצוב שיער בטי,0.0,5 ביקורות,"אינטרנשיונל 3, חיפה",04-8233844,אין
עיצוב שיער,חיפה,מספרת חיליק,0.0,6 ביקורות,"קלר 7, חיפה",052-2816452,אין
עיצוב שיער,חיפה,"ענבר סבג עצוב שיער
מנוהל",0.0,9 ביקורות,"שדרות מוריה 63, חיפה",050-7260905,אין
עיצוב שיער,חיפה,פיני מיכה,0.0,8 ביקורות,"משה גוט לוין 2, חיפה",04-8223946,אין
עיצוב שיער,חיפה,"ביטון קובי
מנוהל",0.0,1 ביקורות,"משה שרת 77, חיפה",04-8420757,אין
עיצוב שיער,חיפה,"שלומי מורד עיצוב שיער
מנוהל",0.0,23 ביקורות,"הראשונים 27, חיפה",054-6423667,https://www.instagram.com/Shlomi_morad/
עיצוב שיער,חיפה,מספרת גיא בנדטו,0.0,3 ביקורות,"דרך חנקין 40, חיפה",054-8115551,אין
עיצוב שיער,חיפה,אסתי תדמית עיצוב שיער,0.0,8 ביקורות,"משה גוט לוין 2, חיפה",04-8321039,אין
עיצוב שיער,חיפה,"לוסקי משה
מנוהל",0.0,1 ביקורות,"אלכסנדר ינאי 15, חיפה",04-8377379,אין
עיצוב שיער,חיפה,עיצוב שיער רפי איס,0.0,1 ביקורות,"צביה ויצחק 1, חיפה",04-8450096,אין
עיצוב שיער,חיפה,משה מעצב שיער,0.0,2 ביקורות,"התיכון 37, חיפה",04-8321665,אין
עיצוב שיער,חיפה,טיטו עיצוב שיער,0.0,1 ביקורות,"הרצליה 9, חיפה",052-4660824,אין
עיצוב שיער,חיפה,"גינת קופל
מנוהל",0.0,10 ביקורות,"שדרות טרומפלדור 5, חיפה",052-3440868,https://www.instagram.com/Ginat_kopel_wigs/
עיצוב שיער,חיפה,דוד ביטון מעצב שיער,0.0,24 ביקורות,"מרסיי 26, חיפה",052-4847591,אין
עיצוב שיער,חיפה,מספרת אורי,0.0,1 ביקורות,"חורב 13, חיפה",04-8241332,אין
עיצוב שיער,חיפה,"Wein's Barber Shop
מנוהל",0.0,1 ביקורות,"בת חן 64, חיפה",04-6016383,https://www.instagram.com/weins_barbershop/
עיצוב שיער,חיפה,"המחדדים
מנוהל",0.0,0 ביקורות,"הגליל 108, חיפה",053-9287087,https://www.instagram.com/Hamehadedim_barbershop/
עיצוב שיער,חיפה,מספרת ג'ו אלימלך,0.0,0 ביקורות,"שדרות דגניה 22, חיפה",04-8426441,אין
עיצוב שיער,חיפה,ויויאנה עיצוב שיער,0.0,0 ביקורות,"ארלוזורוב 83, חיפה",04-8666773,אין
עיצוב שיער,חיפה,"דמוז סנטר
מנוהל",0.0,14 ביקורות,"החלוץ 53, חיפה",054-2557833,אין
עיצוב שיער,חיפה,"רונן זיו עיצוב שיער
מנוהל",0.0,4 ביקורות,"יוסף בוסל 35, חיפה",04-6717757,https://www.instagram.com/Ronenziv_official/
